web-scraper-order,web-scraper-start-url,link,link-href,photo urls
"1653663454-1","https://www.schrecksauto.com/all-inventory","2021 Doolittle Trailer Mfg 84 x 12 Utility Trailer","https://www.schrecksauto.com/2021-doolittle-trailer-mfg-84-x-12-utility-trailer-d1dm%7CUnh.html","[{""photo urls"":"""",""photo urls-src"":""https://dealer-cdn.com/5Te5dx/GPMJWK/2021_Doolittle_Trailer_Mfg_84_x_14_Utility_Trailer_PikV9c.jpg""},{""photo urls"":"""",""photo urls-src"":""https://dealer-cdn.com/5Te5dx/GPMJWK/2021_Doolittle_Trailer_Mfg_84_x_14_Utility_Trailer_Gfuuoq.jpg""},{""photo urls"":"""",""photo urls-src"":""https://dealer-cdn.com/5Te5dx/GPMJWK/2021_Doolittle_Trailer_Mfg_84_x_14_Utility_Trailer_7d5KU4.jpg""},{""photo urls"":"""",""photo urls-src"":""https://dealer-cdn.com/5Te5dx/GPMJWK/2021_Doolittle_Trailer_Mfg_84_x_14_Utility_Trailer_yaFk8G.jpg""},{""photo urls"":"""",""photo urls-src"":""https://dealer-cdn.com/5Te5dx/GPMJWK/2021_Doolittle_Trailer_Mfg_84_x_14_Utility_Trailer_Rr8xgu.jpg""},{""photo urls"":"""",""photo urls-src"":""https://dealer-cdn.com/5Te5dx/GPMJWK/2021_Doolittle_Trailer_Mfg_84_x_14_Utility_Trailer_IoJN5c.jpg""},{""photo urls"":"""",""photo urls-src"":""https://dealer-cdn.com/5Te5dx/GPMJWK/2021_Doolittle_Trailer_Mfg_84_x_14_Utility_Trailer_9lTmkq.jpg""},{""photo urls"":"""",""photo urls-src"":""https://dealer-cdn.com/5Te5dx/GPMJWK/2021_Doolittle_Trailer_Mfg_84_x_14_Utility_Trailer_0ieCQ4.jpg""},{""photo urls"":"""",""photo urls-src"":""https://dealer-cdn.com/5Te5dx/GPMJWK/2021_Doolittle_Trailer_Mfg_84_x_14_Utility_Trailer_TzXPxg.jpg""},{""photo urls"":"""",""photo urls-src"":""https://dealer-cdn.com/5Te5dx/GPMJWK/2021_Doolittle_Trailer_Mfg_84_x_14_Utility_Trailer_Kwhpcu.jpg""},{""photo urls"":"""",""photo urls-src"":""https://dealer-cdn.com/5Te5dx/GPMJWK/2021_Doolittle_Trailer_Mfg_84_x_14_Utility_Trailer_BtsFI8.jpg""},{""photo urls"":"""",""photo urls-src"":""https://dealer-cdn.com/5Te5dx/GPMJWK/2021_Doolittle_Trailer_Mfg_84_x_14_Utility_Trailer_QXJr3w.jpg""},{""photo urls"":"""",""photo urls-src"":""https://dealer-cdn.com/5Te5dx/GPMJWK/2021_Doolittle_Trailer_Mfg_84_x_14_Utility_Trailer_HUUGjA.jpg""}]"
"1653663457-2","https://www.schrecksauto.com/all-inventory","2015 Jeep Sahara SUV","https://www.schrecksauto.com/2015-jeep-sahara-suv-CFPl%7CUnh.html","[{""photo urls"":"""",""photo urls-src"":""https://dealer-cdn.com/5Te5dx/EOd6sC/2015_Jeep_Sahara_SUV_3HmTM8.jpg""},{""photo urls"":"""",""photo urls-src"":""https://dealer-cdn.com/5Te5dx/EOd6sC/2015_Jeep_Sahara_SUV_zpYuRM.jpg""},{""photo urls"":"""",""photo urls-src"":""https://dealer-cdn.com/5Te5dx/EOd6sC/2015_Jeep_Sahara_SUV_T6S7jU.jpg""},{""photo urls"":"""",""photo urls-src"":""https://dealer-cdn.com/5Te5dx/EOd6sC/2015_Jeep_Sahara_SUV_Yh49AW.jpg""},{""photo urls"":"""",""photo urls-src"":""https://dealer-cdn.com/5Te5dx/EOd6sC/2015_Jeep_Sahara_SUV_VEqaGm.jpg""},{""photo urls"":"""",""photo urls-src"":""https://dealer-cdn.com/5Te5dx/EOd6sC/2015_Jeep_Sahara_SUV_apSbho.jpg""},{""photo urls"":"""",""photo urls-src"":""https://dealer-cdn.com/5Te5dx/EOd6sC/2015_Jeep_Sahara_SUV_IjnQlk.jpg""},{""photo urls"":"""",""photo urls-src"":""https://dealer-cdn.com/5Te5dx/EOd6sC/2015_Jeep_Sahara_SUV_cxr3ya.jpg""},{""photo urls"":"""",""photo urls-src"":""https://dealer-cdn.com/5Te5dx/EOd6sC/2015_Jeep_Sahara_SUV_Tv1Tdo.jpg""},{""photo urls"":"""",""photo urls-src"":""https://dealer-cdn.com/5Te5dx/EOd6sC/2015_Jeep_Sahara_SUV_ZVdV4q.jpg""},{""photo urls"":"""",""photo urls-src"":""https://dealer-cdn.com/5Te5dx/EOd6sC/2015_Jeep_Sahara_SUV_f6FWVs.jpg""},{""photo urls"":"""",""photo urls-src"":""https://dealer-cdn.com/5Te5dx/EOd6sC/2015_Jeep_Sahara_SUV_kgrXgO.jpg""},{""photo urls"":"""",""photo urls-src"":""https://dealer-cdn.com/5Te5dx/EOd6sC/2015_Jeep_Sahara_SUV_hEdyme.jpg""},{""photo urls"":"""",""photo urls-src"":""https://dealer-cdn.com/5Te5dx/EOd6sC/2015_Jeep_Sahara_SUV_P8yo76.jpg""},{""photo urls"":"""",""photo urls-src"":""https://dealer-cdn.com/5Te5dx/EOd6sC/2015_Jeep_Sahara_SUV_73JdRY.jpg""},{""photo urls"":"""",""photo urls-src"":""https://dealer-cdn.com/5Te5dx/EOd6sC/2015_Jeep_Sahara_SUV_aKCqie.jpg""},{""photo urls"":"""",""photo urls-src"":""https://dealer-cdn.com/5Te5dx/EOd6sC/2015_Jeep_Sahara_SUV_IEXg36.jpg""},{""photo urls"":"""",""photo urls-src"":""https://dealer-cdn.com/5Te5dx/EOd6sC/2015_Jeep_Sahara_SUV_Np9hU8.jpg""},{""photo urls"":"""",""photo urls-src"":""https://dealer-cdn.com/5Te5dx/EOd6sC/2015_Jeep_Sahara_SUV_EmK79M.jpg""},{""photo urls"":"""",""photo urls-src"":""https://dealer-cdn.com/5Te5dx/EOd6sC/2015_Jeep_Sahara_SUV_KMw8aO.jpg""},{""photo urls"":"""",""photo urls-src"":""https://dealer-cdn.com/5Te5dx/EOd6sC/2015_Jeep_Sahara_SUV_2HGxuq.jpg""}]"
"1653663460-3","https://www.schrecksauto.com/all-inventory","2022 7x16  Wells Cargo Road Force Enclosed Cargo Trailer","https://www.schrecksauto.com/2022-7x16-wells-cargo-road-force-enclosed-cargo-trailer-eecm%7CUnh.html","[{""photo urls"":"""",""photo urls-src"":""https://dealer-cdn.com/5Te5dx/qIhX7Y/2022_7x12__Wells_Cargo_Road_Force_Enclosed_Cargo_Trailer_plgKQa.jpg""},{""photo urls"":"""",""photo urls-src"":""https://dealer-cdn.com/5Te5dx/qIhX7Y/2022_7x12__Wells_Cargo_Road_Force_Enclosed_Cargo_Trailer_UDnaam.jpg""},{""photo urls"":"""",""photo urls-src"":""https://dealer-cdn.com/5Te5dx/qIhX7Y/2022_7x12__Wells_Cargo_Road_Force_Enclosed_Cargo_Trailer_u2TFEe.jpg""},{""photo urls"":"""",""photo urls-src"":""https://dealer-cdn.com/5Te5dx/qIhX7Y/2022_7x12__Wells_Cargo_Road_Force_Enclosed_Cargo_Trailer_bPOp8K.jpg""},{""photo urls"":"""",""photo urls-src"":""https://dealer-cdn.com/5Te5dx/qIhX7Y/2022_7x12__Wells_Cargo_Road_Force_Enclosed_Cargo_Trailer_macrjs.jpg""},{""photo urls"":"""",""photo urls-src"":""https://dealer-cdn.com/5Te5dx/qIhX7Y/2022_7x12__Wells_Cargo_Road_Force_Enclosed_Cargo_Trailer_6ogUxk.jpg""},{""photo urls"":"""",""photo urls-src"":""https://dealer-cdn.com/5Te5dx/qIhX7Y/2022_7x12__Wells_Cargo_Road_Force_Enclosed_Cargo_Trailer_CPIWOm.jpg""},{""photo urls"":"""",""photo urls-src"":""https://dealer-cdn.com/5Te5dx/qIhX7Y/2022_7x12__Wells_Cargo_Road_Force_Enclosed_Cargo_Trailer_AoJJIG.jpg""},{""photo urls"":"""",""photo urls-src"":""https://dealer-cdn.com/5Te5dx/qIhX7Y/2022_7x12__Wells_Cargo_Road_Force_Enclosed_Cargo_Trailer_gDaz6e.jpg""},{""photo urls"":"""",""photo urls-src"":""https://dealer-cdn.com/5Te5dx/qIhX7Y/2022_7x12__Wells_Cargo_Road_Force_Enclosed_Cargo_Trailer_TiXps8.jpg""},{""photo urls"":"""",""photo urls-src"":""https://dealer-cdn.com/5Te5dx/qIhX7Y/2022_7x12__Wells_Cargo_Road_Force_Enclosed_Cargo_Trailer_bRYJZw.jpg""}]"
"1653663462-4","https://www.schrecksauto.com/all-inventory","2021 Doolittle Trailer Mfg 77x16 HD pro series Utility Trailer","https://www.schrecksauto.com/2021-doolittle-trailer-mfg-77x16-hd-pro-series-utility-trailer-c7dm%7CUnh.html","[{""photo urls"":"""",""photo urls-src"":""https://dealer-cdn.com/5Te5dx/YQSm3s/2021_Doolittle_Trailer_Mfg_77x16_HD_pro_series_Utility_Trailer_eezwAK.jpg""},{""photo urls"":"""",""photo urls-src"":""https://dealer-cdn.com/5Te5dx/YQSm3s/2021_Doolittle_Trailer_Mfg_77x16_HD_pro_series_Utility_Trailer_bCmNGa.jpg""},{""photo urls"":"""",""photo urls-src"":""https://dealer-cdn.com/5Te5dx/YQSm3s/2021_Doolittle_Trailer_Mfg_77x14_HD_pro_series_Utility_Trailer_91D6I4.jpg""},{""photo urls"":"""",""photo urls-src"":""https://dealer-cdn.com/5Te5dx/YQSm3s/2021_Doolittle_Trailer_Mfg_77x14_HD_pro_series_Utility_Trailer_UZ5prM.jpg""},{""photo urls"":"""",""photo urls-src"":""https://dealer-cdn.com/5Te5dx/YQSm3s/2021_Doolittle_Trailer_Mfg_77x14_HD_pro_series_Utility_Trailer_xpz3Oy.jpg""},{""photo urls"":"""",""photo urls-src"":""https://dealer-cdn.com/5Te5dx/YQSm3s/2021_Doolittle_Trailer_Mfg_77x14_HD_pro_series_Utility_Trailer_3Qb4r2.jpg""},{""photo urls"":"""",""photo urls-src"":""https://dealer-cdn.com/5Te5dx/YQSm3s/2021_Doolittle_Trailer_Mfg_77x14_HD_pro_series_Utility_Trailer_Ebp7j6.jpg""},{""photo urls"":"""",""photo urls-src"":""https://dealer-cdn.com/5Te5dx/YQSm3s/2021_Doolittle_Trailer_Mfg_77x14_HD_pro_series_Utility_Trailer_wW9x2W.jpg""},{""photo urls"":"""",""photo urls-src"":""https://dealer-cdn.com/5Te5dx/YQSm3s/2021_Doolittle_Trailer_Mfg_77x14_HD_pro_series_Utility_Trailer_Pn3AKe.jpg""},{""photo urls"":"""",""photo urls-src"":""https://dealer-cdn.com/5Te5dx/YQSm3s/2021_Doolittle_Trailer_Mfg_77x14_HD_pro_series_Utility_Trailer_7hNzf6.jpg""},{""photo urls"":"""",""photo urls-src"":""https://dealer-cdn.com/5Te5dx/YQSm3s/2021_Doolittle_Trailer_Mfg_77x14_HD_pro_series_Utility_Trailer_ayHDCi.jpg""},{""photo urls"":"""",""photo urls-src"":""https://dealer-cdn.com/5Te5dx/YQSm3s/2021_Doolittle_Trailer_Mfg_77x14_HD_pro_series_Utility_Trailer_4FAQlM.jpg""},{""photo urls"":"""",""photo urls-src"":""https://dealer-cdn.com/5Te5dx/YQSm3s/2021_Doolittle_Trailer_Mfg_77x14_HD_pro_series_Utility_Trailer_m9VG4m.jpg""},{""photo urls"":"""",""photo urls-src"":""https://dealer-cdn.com/5Te5dx/YQSm3s/2021_Doolittle_Trailer_Mfg_77x14_HD_pro_series_Utility_Trailer_FQOTMu.jpg""},{""photo urls"":"""",""photo urls-src"":""https://dealer-cdn.com/5Te5dx/YQSm3s/2021_Doolittle_Trailer_Mfg_77x14_HD_pro_series_Utility_Trailer_L10Unw.jpg""},{""photo urls"":"""",""photo urls-src"":""https://dealer-cdn.com/5Te5dx/YQSm3s/2021_Doolittle_Trailer_Mfg_77x14_HD_pro_series_Utility_Trailer_QbcWEy.jpg""},{""photo urls"":"""",""photo urls-src"":""https://dealer-cdn.com/5Te5dx/YQSm3s/2021_Doolittle_Trailer_Mfg_77x14_HD_pro_series_Utility_Trailer_tsVjma.jpg""},{""photo urls"":"""",""photo urls-src"":""https://dealer-cdn.com/5Te5dx/YQSm3s/2021_Doolittle_Trailer_Mfg_77x14_HD_pro_series_Utility_Trailer_zT7lDc.jpg""}]"
"1653663465-5","https://www.schrecksauto.com/all-inventory","2021 Doolittle Trailer Mfg 66 x 10 Utility Trailer","https://www.schrecksauto.com/2021-doolittle-trailer-mfg-66-x-10-utility-trailer-F3dm%7CUnh.html","[{""photo urls"":"""",""photo urls-src"":""https://dealer-cdn.com/5Te5dx/NwQdfc/2021_Doolittle_Trailer_Mfg_66_x_12_Utility_Trailer_iJdL4y.jpg""}]"
"1653663468-6","https://www.schrecksauto.com/all-inventory","2022 Watchdog 7x14 dump Dump Trailer","https://www.schrecksauto.com/2022-watchdog-7x14-dump-dump-trailer-0kEl%7CUnh.html","[{""photo urls"":"""",""photo urls-src"":""https://dealer-cdn.com/5Te5dx/0KMoqW/2022_Watchdog_7x14_dump_Dump_Trailer_yAFBbs.jpg""},{""photo urls"":"""",""photo urls-src"":""https://dealer-cdn.com/5Te5dx/0KMoqW/2022_Watchdog_7x14_dump_Dump_Trailer_CngnOi.jpg""},{""photo urls"":"""",""photo urls-src"":""https://dealer-cdn.com/5Te5dx/0KMoqW/2022_Watchdog_7x14_dump_Dump_Trailer_p7PbH6.jpg""},{""photo urls"":"""",""photo urls-src"":""https://dealer-cdn.com/5Te5dx/0KMoqW/2022_Watchdog_7x14_dump_Dump_Trailer_RR8PAW.jpg""},{""photo urls"":"""",""photo urls-src"":""https://dealer-cdn.com/5Te5dx/0KMoqW/2022_Watchdog_7x14_dump_Dump_Trailer_g4a0wK.jpg""},{""photo urls"":"""",""photo urls-src"":""https://dealer-cdn.com/5Te5dx/0KMoqW/2022_Watchdog_7x14_dump_Dump_Trailer_IOIopk.jpg""},{""photo urls"":"""",""photo urls-src"":""https://dealer-cdn.com/5Te5dx/0KMoqW/2022_Watchdog_7x14_dump_Dump_Trailer_9LTEUy.jpg""},{""photo urls"":"""",""photo urls-src"":""https://dealer-cdn.com/5Te5dx/0KMoqW/2022_Watchdog_7x14_dump_Dump_Trailer_0IdeAC.jpg""},{""photo urls"":"""",""photo urls-src"":""https://dealer-cdn.com/5Te5dx/0KMoqW/2022_Watchdog_7x14_dump_Dump_Trailer_TZWrho.jpg""},{""photo urls"":"""",""photo urls-src"":""https://dealer-cdn.com/5Te5dx/0KMoqW/2022_Watchdog_7x14_dump_Dump_Trailer_ZA8t8q.jpg""},{""photo urls"":"""",""photo urls-src"":""https://dealer-cdn.com/5Te5dx/0KMoqW/2022_Watchdog_7x14_dump_Dump_Trailer_nnaUe8.jpg""}]"
"1653663471-7","https://www.schrecksauto.com/all-inventory","2022 Wells Cargo 8.5 x 16 deluxe 7 tall  Enclosed Cargo Trailer","https://www.schrecksauto.com/2022-wells-cargo-8-OVcm%7CUnh.html","[{""photo urls"":"""",""photo urls-src"":""https://dealer-cdn.com/5Te5dx/8Ea2r2/2022_Wells_Cargo_8.5_x_16_deluxe_7_tall__Enclosed_Cargo_Trailer_6ahfkG.jpg""},{""photo urls"":"""",""photo urls-src"":""https://dealer-cdn.com/5Te5dx/8Ea2r2/2022_Wells_Cargo_8.5_x_16_deluxe_7_tall__Enclosed_Cargo_Trailer_LE9HW4.jpg""},{""photo urls"":"""",""photo urls-src"":""https://dealer-cdn.com/5Te5dx/8Ea2r2/2022_Wells_Cargo_8.5_x_16_deluxe_7_tall__Enclosed_Cargo_Trailer_Zrat1M.jpg""},{""photo urls"":"""",""photo urls-src"":""https://dealer-cdn.com/5Te5dx/8Ea2r2/2022_Wells_Cargo_8.5_x_16_deluxe_7_tall__Enclosed_Cargo_Trailer_QolIga.jpg""},{""photo urls"":"""",""photo urls-src"":""https://dealer-cdn.com/5Te5dx/8Ea2r2/2022_Wells_Cargo_8.5_x_16_deluxe_7_tall__Enclosed_Cargo_Trailer_fSCuSO.jpg""},{""photo urls"":"""",""photo urls-src"":""https://dealer-cdn.com/5Te5dx/8Ea2r2/2022_Wells_Cargo_8.5_x_16_deluxe_7_tall__Enclosed_Cargo_Trailer_WPNK7c.jpg""},{""photo urls"":"""",""photo urls-src"":""https://dealer-cdn.com/5Te5dx/8Ea2r2/2022_Wells_Cargo_8.5_x_16_deluxe_7_tall__Enclosed_Cargo_Trailer_l2ovtQ.jpg""},{""photo urls"":"""",""photo urls-src"":""https://dealer-cdn.com/5Te5dx/8Ea2r2/2022_Wells_Cargo_8.5_x_16_deluxe_7_tall__Enclosed_Cargo_Trailer_NMXjmq.jpg""}]"
"1653663474-8","https://www.schrecksauto.com/all-inventory","2022 Wells Cargo 8.5 x 16 deluxe 7 tall  Enclosed Cargo Trailer","https://www.schrecksauto.com/2022-wells-cargo-8-NVcm%7CUnh.html","[{""photo urls"":"""",""photo urls-src"":""https://dealer-cdn.com/5Te5dx/VurEye/2022_Wells_Cargo_8.5_x_16_deluxe_7_tall__Enclosed_Cargo_Trailer_Ocssd6.jpg""},{""photo urls"":"""",""photo urls-src"":""https://dealer-cdn.com/5Te5dx/VurEye/2022_Wells_Cargo_8.5_x_16_deluxe_7_tall__Enclosed_Cargo_Trailer_gxyAsq.jpg""},{""photo urls"":"""",""photo urls-src"":""https://dealer-cdn.com/5Te5dx/VurEye/2022_Wells_Cargo_8.5_x_16_deluxe_7_tall__Enclosed_Cargo_Trailer_AErOAy.jpg""},{""photo urls"":"""",""photo urls-src"":""https://dealer-cdn.com/5Te5dx/VurEye/2022_Wells_Cargo_8.5_x_16_deluxe_7_tall__Enclosed_Cargo_Trailer_1C1nqC.jpg""},{""photo urls"":"""",""photo urls-src"":""https://dealer-cdn.com/5Te5dx/VurEye/2022_Wells_Cargo_8.5_x_16_deluxe_7_tall__Enclosed_Cargo_Trailer_FpTPc0.jpg""},{""photo urls"":"""",""photo urls-src"":""https://dealer-cdn.com/5Te5dx/VurEye/2022_Wells_Cargo_8.5_x_16_deluxe_7_tall__Enclosed_Cargo_Trailer_USv1No.jpg""},{""photo urls"":"""",""photo urls-src"":""https://dealer-cdn.com/5Te5dx/VurEye/2022_Wells_Cargo_8.5_x_16_deluxe_7_tall__Enclosed_Cargo_Trailer_j6Md9c.jpg""},{""photo urls"":"""",""photo urls-src"":""https://dealer-cdn.com/5Te5dx/VurEye/2022_Wells_Cargo_8.5_x_16_deluxe_7_tall__Enclosed_Cargo_Trailer_xjoEvQ.jpg""}]"
"1653663476-9","https://www.schrecksauto.com/all-inventory","2022 Watchdog 7x14 dump Dump Trailer","https://www.schrecksauto.com/2022-watchdog-7x14-dump-dump-trailer-2kEl%7CUnh.html","[{""photo urls"":"""",""photo urls-src"":""https://dealer-cdn.com/5Te5dx/ExoQbI/2022_Watchdog_7x14_dump_Dump_Trailer_RFCFdY.jpg""},{""photo urls"":"""",""photo urls-src"":""https://dealer-cdn.com/5Te5dx/ExoQbI/2022_Watchdog_7x14_dump_Dump_Trailer_fsdrPM.jpg""},{""photo urls"":"""",""photo urls-src"":""https://dealer-cdn.com/5Te5dx/ExoQbI/2022_Watchdog_7x14_dump_Dump_Trailer_WpoGo4.jpg""},{""photo urls"":"""",""photo urls-src"":""https://dealer-cdn.com/5Te5dx/ExoQbI/2022_Watchdog_7x14_dump_Dump_Trailer_lTFsZs.jpg""},{""photo urls"":"""",""photo urls-src"":""https://dealer-cdn.com/5Te5dx/ExoQbI/2022_Watchdog_7x14_dump_Dump_Trailer_Ek968W.jpg""},{""photo urls"":"""",""photo urls-src"":""https://dealer-cdn.com/5Te5dx/ExoQbI/2022_Watchdog_7x14_dump_Dump_Trailer_r3ru0u.jpg""},{""photo urls"":"""",""photo urls-src"":""https://dealer-cdn.com/5Te5dx/ExoQbI/2022_Watchdog_7x14_dump_Dump_Trailer_i12Jg8.jpg""},{""photo urls"":"""",""photo urls-src"":""https://dealer-cdn.com/5Te5dx/ExoQbI/2022_Watchdog_7x14_dump_Dump_Trailer_weTvRw.jpg""},{""photo urls"":"""",""photo urls-src"":""https://dealer-cdn.com/5Te5dx/ExoQbI/2022_Watchdog_7x14_dump_Dump_Trailer_nbeL7A.jpg""},{""photo urls"":"""",""photo urls-src"":""https://dealer-cdn.com/5Te5dx/ExoQbI/2022_Watchdog_7x14_dump_Dump_Trailer_eYokmO.jpg""},{""photo urls"":"""",""photo urls-src"":""https://dealer-cdn.com/5Te5dx/ExoQbI/2022_Watchdog_7x14_dump_Dump_Trailer_VVzARc.jpg""}]"
"1653663479-10","https://www.schrecksauto.com/all-inventory","2022 Texoma 20' 4"" Frame Car Hauler 7K Trailer","https://www.schrecksauto.com/2022-texoma-20-4-frame-car-hauler-7k-trailer-HALl%7CUnh.html","[{""photo urls"":"""",""photo urls-src"":""https://dealer-cdn.com/5Te5dx/q9i8FE/2022_Texoma_18_4_Frame_Car_Hauler_7K_Trailer_qjX3qK.jpg""},{""photo urls"":"""",""photo urls-src"":""https://dealer-cdn.com/5Te5dx/q9i8FE/2022_Texoma_18_4_Frame_Car_Hauler_7K_Trailer_wK95HM.jpg""},{""photo urls"":"""",""photo urls-src"":""https://dealer-cdn.com/5Te5dx/q9i8FE/2022_Texoma_18_4_Frame_Car_Hauler_7K_Trailer_nHJUwa.jpg""},{""photo urls"":"""",""photo urls-src"":""https://dealer-cdn.com/5Te5dx/q9i8FE/2022_Texoma_18_4_Frame_Car_Hauler_7K_Trailer_GYCiEi.jpg""},{""photo urls"":"""",""photo urls-src"":""https://dealer-cdn.com/5Te5dx/q9i8FE/2022_Texoma_18_4_Frame_Car_Hauler_7K_Trailer_jp5vmK.jpg""},{""photo urls"":"""",""photo urls-src"":""https://dealer-cdn.com/5Te5dx/q9i8FE/2022_Texoma_18_4_Frame_Car_Hauler_7K_Trailer_RjQl6m.jpg""},{""photo urls"":"""",""photo urls-src"":""https://dealer-cdn.com/5Te5dx/q9i8FE/2022_Texoma_18_4_Frame_Car_Hauler_7K_Trailer_XK2mXo.jpg""},{""photo urls"":"""",""photo urls-src"":""https://dealer-cdn.com/5Te5dx/q9i8FE/2022_Texoma_18_4_Frame_Car_Hauler_7K_Trailer_0aw06S.jpg""},{""photo urls"":"""",""photo urls-src"":""https://dealer-cdn.com/5Te5dx/q9i8FE/2022_Texoma_18_4_Frame_Car_Hauler_7K_Trailer_TrpDe4.jpg""},{""photo urls"":"""",""photo urls-src"":""https://dealer-cdn.com/5Te5dx/q9i8FE/2022_Texoma_18_4_Frame_Car_Hauler_7K_Trailer_x8iQvA.jpg""},{""photo urls"":"""",""photo urls-src"":""https://dealer-cdn.com/5Te5dx/q9i8FE/2022_Texoma_18_4_Frame_Car_Hauler_7K_Trailer_2jKSNE.jpg""},{""photo urls"":"""",""photo urls-src"":""https://dealer-cdn.com/5Te5dx/q9i8FE/2022_Texoma_18_4_Frame_Car_Hauler_7K_Trailer_8JwToG.jpg""},{""photo urls"":"""",""photo urls-src"":""https://dealer-cdn.com/5Te5dx/q9i8FE/2022_Texoma_18_4_Frame_Car_Hauler_7K_Trailer_baphLs.jpg""},{""photo urls"":"""",""photo urls-src"":""https://dealer-cdn.com/5Te5dx/q9i8FE/2022_Texoma_18_4_Frame_Car_Hauler_7K_Trailer_SY0716.jpg""},{""photo urls"":"""",""photo urls-src"":""https://dealer-cdn.com/5Te5dx/q9i8FE/2022_Texoma_18_4_Frame_Car_Hauler_7K_Trailer_ASKw52.jpg""},{""photo urls"":"""",""photo urls-src"":""https://dealer-cdn.com/5Te5dx/q9i8FE/2022_Texoma_18_4_Frame_Car_Hauler_7K_Trailer_1PVLkG.jpg""},{""photo urls"":"""",""photo urls-src"":""https://dealer-cdn.com/5Te5dx/q9i8FE/2022_Texoma_18_4_Frame_Car_Hauler_7K_Trailer_sMflOS.jpg""},{""photo urls"":"""",""photo urls-src"":""https://dealer-cdn.com/5Te5dx/q9i8FE/2022_Texoma_18_4_Frame_Car_Hauler_7K_Trailer_CajOcK.jpg""},{""photo urls"":"""",""photo urls-src"":""https://dealer-cdn.com/5Te5dx/q9i8FE/2022_Texoma_18_4_Frame_Car_Hauler_7K_Trailer_REB0O8.jpg""}]"
"1653663483-11","https://www.schrecksauto.com/all-inventory","2021 Doolittle Trailer Mfg 66 x 12 Utility Trailer","https://www.schrecksauto.com/2021-doolittle-trailer-mfg-66-x-12-utility-trailer-73dm%7CUnh.html","[{""photo urls"":"""",""photo urls-src"":""https://dealer-cdn.com/5Te5dx/ROeCeG/2021_Doolittle_Trailer_Mfg_77_x_12_Utility_Trailer_HWrOxU.jpg""},{""photo urls"":"""",""photo urls-src"":""https://dealer-cdn.com/5Te5dx/ROeCeG/2021_Doolittle_Trailer_Mfg_77_x_12_Utility_Trailer_zRCE0O.jpg""},{""photo urls"":"""",""photo urls-src"":""https://dealer-cdn.com/5Te5dx/ROeCeG/2021_Doolittle_Trailer_Mfg_77_x_12_Utility_Trailer_JfFrEG.jpg""},{""photo urls"":"""",""photo urls-src"":""https://dealer-cdn.com/5Te5dx/ROeCeG/2021_Doolittle_Trailer_Mfg_77_x_12_Utility_Trailer_mw94ls.jpg""},{""photo urls"":"""",""photo urls-src"":""https://dealer-cdn.com/5Te5dx/ROeCeG/2021_Doolittle_Trailer_Mfg_77_x_12_Utility_Trailer_GD2IKW.jpg""},{""photo urls"":"""",""photo urls-src"":""https://dealer-cdn.com/5Te5dx/ROeCeG/2021_Doolittle_Trailer_Mfg_77_x_12_Utility_Trailer_LneJlY.jpg""},{""photo urls"":"""",""photo urls-src"":""https://dealer-cdn.com/5Te5dx/ROeCeG/2021_Doolittle_Trailer_Mfg_77_x_12_Utility_Trailer_ROGKw4.jpg""},{""photo urls"":"""",""photo urls-src"":""https://dealer-cdn.com/5Te5dx/ROeCeG/2021_Doolittle_Trailer_Mfg_77_x_12_Utility_Trailer_uf9YTg.jpg""},{""photo urls"":"""",""photo urls-src"":""https://dealer-cdn.com/5Te5dx/ROeCeG/2021_Doolittle_Trailer_Mfg_77_x_12_Utility_Trailer_Nw2m2K.jpg""},{""photo urls"":"""",""photo urls-src"":""https://dealer-cdn.com/5Te5dx/ROeCeG/2021_Doolittle_Trailer_Mfg_77_x_12_Utility_Trailer_rCvzZw.jpg""},{""photo urls"":"""",""photo urls-src"":""https://dealer-cdn.com/5Te5dx/ROeCeG/2021_Doolittle_Trailer_Mfg_77_x_12_Utility_Trailer_BQzcno.jpg""},{""photo urls"":"""",""photo urls-src"":""https://dealer-cdn.com/5Te5dx/ROeCeG/2021_Doolittle_Trailer_Mfg_77_x_12_Utility_Trailer_H1bdyK.jpg""},{""photo urls"":"""",""photo urls-src"":""https://dealer-cdn.com/5Te5dx/ROeCeG/2021_Doolittle_Trailer_Mfg_77_x_12_Utility_Trailer_yvwTHk.jpg""},{""photo urls"":"""",""photo urls-src"":""https://dealer-cdn.com/5Te5dx/ROeCeG/2021_Doolittle_Trailer_Mfg_77_x_12_Utility_Trailer_gqHIcC.jpg""},{""photo urls"":"""",""photo urls-src"":""https://dealer-cdn.com/5Te5dx/ROeCeG/2021_Doolittle_Trailer_Mfg_77_x_12_Utility_Trailer_A7AWAq.jpg""},{""photo urls"":"""",""photo urls-src"":""https://dealer-cdn.com/5Te5dx/ROeCeG/2021_Doolittle_Trailer_Mfg_77_x_12_Utility_Trailer_6ewxH6.jpg""},{""photo urls"":"""",""photo urls-src"":""https://dealer-cdn.com/5Te5dx/ROeCeG/2021_Doolittle_Trailer_Mfg_77_x_12_Utility_Trailer_ZvqAYC.jpg""},{""photo urls"":"""",""photo urls-src"":""https://dealer-cdn.com/5Te5dx/ROeCeG/2021_Doolittle_Trailer_Mfg_77_x_12_Utility_Trailer_HqAzse.jpg""},{""photo urls"":"""",""photo urls-src"":""https://dealer-cdn.com/5Te5dx/ROeCeG/2021_Doolittle_Trailer_Mfg_77_x_12_Utility_Trailer_NQn1Jg.jpg""},{""photo urls"":"""",""photo urls-src"":""https://dealer-cdn.com/5Te5dx/ROeCeG/2021_Doolittle_Trailer_Mfg_77_x_12_Utility_Trailer_5L7qe8.jpg""},{""photo urls"":"""",""photo urls-src"":""https://dealer-cdn.com/5Te5dx/ROeCeG/2021_Doolittle_Trailer_Mfg_77_x_12_Utility_Trailer_nFSfh2.jpg""}]"
"1653663486-12","https://www.schrecksauto.com/all-inventory","2022 Gatormade Trailers 40 Foot Gooseneck Equipment Trailer","https://www.schrecksauto.com/2022-gatormade-trailers-40-foot-gooseneck-equipment-trailer-aeem%7CUnh.html","[{""photo urls"":"""",""photo urls-src"":""https://dealer-cdn.com/5Te5dx/odZ7bs/2022_Gatormade_Trailers_30_Foot_Gooseneck_Equipment_Trailer_Xpko6a.jpg""},{""photo urls"":"""",""photo urls-src"":""https://dealer-cdn.com/5Te5dx/odZ7bs/2022_Gatormade_Trailers_30_Foot_Gooseneck_Equipment_Trailer_dQMpXc.jpg""},{""photo urls"":"""",""photo urls-src"":""https://dealer-cdn.com/5Te5dx/odZ7bs/2022_Gatormade_Trailers_30_Foot_Gooseneck_Equipment_Trailer_j0yqye.jpg""},{""photo urls"":"""",""photo urls-src"":""https://dealer-cdn.com/5Te5dx/odZ7bs/2022_Gatormade_Trailers_30_Foot_Gooseneck_Equipment_Trailer_xeQSkS.jpg""},{""photo urls"":"""",""photo urls-src"":""https://dealer-cdn.com/5Te5dx/odZ7bs/2022_Gatormade_Trailers_30_Foot_Gooseneck_Equipment_Trailer_C6RMhs.jpg""},{""photo urls"":"""",""photo urls-src"":""https://dealer-cdn.com/5Te5dx/odZ7bs/2022_Gatormade_Trailers_30_Foot_Gooseneck_Equipment_Trailer_QvJgJ6.jpg""},{""photo urls"":"""",""photo urls-src"":""https://dealer-cdn.com/5Te5dx/odZ7bs/2022_Gatormade_Trailers_30_Foot_Gooseneck_Equipment_Trailer_Ke1CK0.jpg""},{""photo urls"":"""",""photo urls-src"":""https://dealer-cdn.com/5Te5dx/odZ7bs/2022_Gatormade_Trailers_30_Foot_Gooseneck_Equipment_Trailer_u0mC1I.png""},{""photo urls"":"""",""photo urls-src"":""https://dealer-cdn.com/5Te5dx/odZ7bs/2022_Gatormade_Trailers_30_Foot_Gooseneck_Equipment_Trailer_zbODBo.jpg""},{""photo urls"":"""",""photo urls-src"":""https://dealer-cdn.com/5Te5dx/odZ7bs/2022_Gatormade_Trailers_30_Foot_Gooseneck_Equipment_Trailer_qYYcr2.jpg""},{""photo urls"":"""",""photo urls-src"":""https://dealer-cdn.com/5Te5dx/odZ7bs/2022_Gatormade_Trailers_30_Foot_Gooseneck_Equipment_Trailer_YStSBU.jpg""},{""photo urls"":"""",""photo urls-src"":""https://dealer-cdn.com/5Te5dx/odZ7bs/2022_Gatormade_Trailers_30_Foot_Gooseneck_Equipment_Trailer_PQ3rqi.jpg""},{""photo urls"":"""",""photo urls-src"":""https://dealer-cdn.com/5Te5dx/odZ7bs/2022_Gatormade_Trailers_30_Foot_Gooseneck_Equipment_Trailer_V0ftHk.jpg""},{""photo urls"":"""",""photo urls-src"":""https://dealer-cdn.com/5Te5dx/odZ7bs/2022_Gatormade_Trailers_30_Foot_Gooseneck_Equipment_Trailer_je7V3Y.jpg""},{""photo urls"":"""",""photo urls-src"":""https://dealer-cdn.com/5Te5dx/odZ7bs/2022_Gatormade_Trailers_30_Foot_Gooseneck_Equipment_Trailer_abHuim.jpg""},{""photo urls"":"""",""photo urls-src"":""https://dealer-cdn.com/5Te5dx/odZ7bs/2022_Gatormade_Trailers_30_Foot_Gooseneck_Equipment_Trailer_3sB80u.jpg""},{""photo urls"":"""",""photo urls-src"":""https://dealer-cdn.com/5Te5dx/odZ7bs/2022_Gatormade_Trailers_30_Foot_Gooseneck_Equipment_Trailer_upLXf6.png""},{""photo urls"":"""",""photo urls-src"":""https://dealer-cdn.com/5Te5dx/odZ7bs/2022_Gatormade_Trailers_30_Foot_Gooseneck_Equipment_Trailer_F3PAsy.jpg""},{""photo urls"":"""",""photo urls-src"":""https://dealer-cdn.com/5Te5dx/odZ7bs/2022_Gatormade_Trailers_40_Foot_Gooseneck_Equipment_Trailer_6dm5JY.jpg""}]"
"1653663488-13","https://www.schrecksauto.com/all-inventory","2021 Doolittle Trailer Mfg 84 x 14 Utility Trailer atv side load","https://www.schrecksauto.com/2021-doolittle-trailer-mfg-84-x-14-utility-trailer-atv-side-load-z3dm%7CUnh.html","[{""photo urls"":"""",""photo urls-src"":""https://dealer-cdn.com/5Te5dx/UqrldA/2021_Doolittle_Trailer_Mfg_84_x_14_Utility_Trailer_atv_side_load_q87UiO.jpg""},{""photo urls"":"""",""photo urls-src"":""https://dealer-cdn.com/5Te5dx/UqrldA/2021_Doolittle_Trailer_Mfg_84_x_14_Utility_Trailer_atv_side_load_vijW9Q.jpg""},{""photo urls"":"""",""photo urls-src"":""https://dealer-cdn.com/5Te5dx/UqrldA/2021_Doolittle_Trailer_Mfg_84_x_14_Utility_Trailer_atv_side_load_dd4LTs.jpg""},{""photo urls"":"""",""photo urls-src"":""https://dealer-cdn.com/5Te5dx/UqrldA/2021_Doolittle_Trailer_Mfg_84_x_14_Utility_Trailer_atv_side_load_6txZ2W.jpg""}]"
"1653663491-14","https://www.schrecksauto.com/all-inventory","2022 Wells Cargo Road Force V Nose Enclosed Cargo Trailer","https://www.schrecksauto.com/2022-wells-cargo-road-force-v-nose-enclosed-cargo-trailer-Xfcm%7CUnh.html","[{""photo urls"":"""",""photo urls-src"":""https://dealer-cdn.com/5Te5dx/9WFemu/2022_Wells_Cargo_Road_Force_V_Nose_Enclosed_Cargo_Trailer_nd1ovY.jpg""},{""photo urls"":"""",""photo urls-src"":""https://dealer-cdn.com/5Te5dx/9WFemu/2022_Wells_Cargo_Road_Force_V_Nose_Enclosed_Cargo_Trailer_kAoFlI.jpg""},{""photo urls"":"""",""photo urls-src"":""https://dealer-cdn.com/5Te5dx/9WFemu/2022_Wells_Cargo_Road_Force_V_Nose_Enclosed_Cargo_Trailer_bdEQ9A.jpg""},{""photo urls"":"""",""photo urls-src"":""https://dealer-cdn.com/5Te5dx/9WFemu/2022_Wells_Cargo_Road_Force_V_Nose_Enclosed_Cargo_Trailer_iPN9Ie.jpg""}]"
"1653663494-15","https://www.schrecksauto.com/all-inventory","2022 Wells Cargo Motor Trac SS Aluminum Race 28 foot 14K Cargo / Enclosed Trailer","https://www.schrecksauto.com/2022-wells-cargo-motor-trac-ss-aluminum-race-28-foot-14k-cargo-enclosed-trailer-Ddcm%7CUnh.html","[{""photo urls"":"""",""photo urls-src"":""https://dealer-cdn.com/5Te5dx/S9PSoi/2022_Wells_Cargo_Motor_Trac_SS_Aluminum_Race_28_foot_14K_Cargo__Enclosed_Trailer_EnoN3gqd0xae.jpg""},{""photo urls"":"""",""photo urls-src"":""https://dealer-cdn.com/5Te5dx/QJ17Oi/2022_Wells_Cargo_Motor_Trac_SS_Aluminum_Race_28_foot_14K_Cargo__Enclosed_Trailer_EnoN3g679aca.jpg""},{""photo urls"":"""",""photo urls-src"":""https://dealer-cdn.com/5Te5dx/WBGs40/2022_Wells_Cargo_Motor_Trac_SS_Aluminum_Race_28_foot_14K_Cargo__Enclosed_Trailer_EnoN3ghzmtgf.jpg""},{""photo urls"":"""",""photo urls-src"":""https://dealer-cdn.com/5Te5dx/k47qnA/2022_Wells_Cargo_Motor_Trac_SS_Aluminum_Race_28_foot_14K_Cargo__Enclosed_Trailer_r7XCGe6jkkvo.jpg""},{""photo urls"":"""",""photo urls-src"":""https://dealer-cdn.com/5Te5dx/4Y2g7M/2022_Wells_Cargo_Motor_Trac_SS_Aluminum_Race_28_foot_14K_Cargo__Enclosed_Trailer_r7XCGe8rupmw.jpg""},{""photo urls"":"""",""photo urls-src"":""https://dealer-cdn.com/5Te5dx/VCjuZk/2022_Wells_Cargo_Motor_Trac_SS_Aluminum_Race_28_foot_14K_Cargo__Enclosed_Trailer_r7XCGehd4fhn.jpg""},{""photo urls"":"""",""photo urls-src"":""https://dealer-cdn.com/5Te5dx/IsbkQ4/2022_Wells_Cargo_Motor_Trac_SS_Aluminum_Race_28_foot_14K_Cargo__Enclosed_Trailer_r7XCGeaxh9x9.jpg""},{""photo urls"":"""",""photo urls-src"":""https://dealer-cdn.com/5Te5dx/gEXavA/2022_Wells_Cargo_Motor_Trac_SS_Aluminum_Race_28_foot_14K_Cargo__Enclosed_Trailer_TRG0Qah33o5p.jpg""},{""photo urls"":"""",""photo urls-src"":""https://dealer-cdn.com/5Te5dx/YdufGC/2022_Wells_Cargo_Motor_Trac_SS_Aluminum_Race_28_foot_14K_Cargo__Enclosed_Trailer_TRG0Qax6w6uq.jpg""},{""photo urls"":"""",""photo urls-src"":""https://dealer-cdn.com/5Te5dx/gvP1Yu/2022_Wells_Cargo_Motor_Trac_SS_Aluminum_Race_28_foot_14K_Cargo__Enclosed_Trailer_TRG0Qabzeb26.jpg""},{""photo urls"":"""",""photo urls-src"":""https://dealer-cdn.com/5Te5dx/cm5e9Q/2022_Wells_Cargo_Motor_Trac_SS_Aluminum_Race_28_foot_14K_Cargo__Enclosed_Trailer_TRG0Qarwpfqd.jpg""},{""photo urls"":"""",""photo urls-src"":""https://dealer-cdn.com/5Te5dx/I7X5Jg/2022_Wells_Cargo_Motor_Trac_SS_Aluminum_Race_28_foot_14K_Cargo__Enclosed_Trailer_5kymSOco9n33.jpg""},{""photo urls"":"""",""photo urls-src"":""https://dealer-cdn.com/5Te5dx/riRZ8y/2022_Wells_Cargo_Motor_Trac_SS_Aluminum_Race_28_foot_14K_Cargo__Enclosed_Trailer_5kymSOxb0zqt.jpg""},{""photo urls"":"""",""photo urls-src"":""https://dealer-cdn.com/5Te5dx/xQ7lDM/2022_Wells_Cargo_Motor_Trac_SS_Aluminum_Race_28_foot_14K_Cargo__Enclosed_Trailer_5kymSO8aifzq.jpg""},{""photo urls"":"""",""photo urls-src"":""https://dealer-cdn.com/5Te5dx/tqrRK4/2022_Wells_Cargo_Motor_Trac_SS_Aluminum_Race_28_foot_14K_Cargo__Enclosed_Trailer_5kymSOqq2e4i.jpg""},{""photo urls"":"""",""photo urls-src"":""https://dealer-cdn.com/5Te5dx/LS8JWK/2022_Wells_Cargo_Motor_Trac_SS_Aluminum_Race_28_foot_14K_Cargo__Enclosed_Trailer_i4hbfMf5gp8i.jpg""},{""photo urls"":"""",""photo urls-src"":""https://dealer-cdn.com/5Te5dx/PG0ybw/2022_Wells_Cargo_Motor_Trac_SS_Aluminum_Race_28_foot_14K_Cargo__Enclosed_Trailer_i4hbfM2al0gv.jpg""},{""photo urls"":"""",""photo urls-src"":""https://dealer-cdn.com/5Te5dx/xS6x7o/2022_Wells_Cargo_Motor_Trac_SS_Aluminum_Race_28_foot_14K_Cargo__Enclosed_Trailer_i4hbfMdc21a3.jpg""},{""photo urls"":"""",""photo urls-src"":""https://dealer-cdn.com/5Te5dx/WGAS3c/2022_Wells_Cargo_Motor_Trac_SS_Aluminum_Race_28_foot_14K_Cargo__Enclosed_Trailer_i4hbfMbdp8df.jpg""}]"
