web-scraper-order,web-scraper-start-url,link,link-href,stock,year,make,model,style,cylinder,transmission,engine,drive train,fuel type,vin,mileage,color,color 2,internet price,photo urls,doors,Vehicle Type,description,trim,certified,condition,options
"1659625149-1","https://www.belkford.net/used-inventory/index.htm","2019 Dodge Charger SXT Sedan V6 24V VVT","https://www.belkford.net/used/Dodge/2019-Dodge-Charger-oxford-ms-fad4993e0a0e0a943c97fcc1f897ec0a.htm",": F4671","2019","Dodge","Charger","","","8-Speed Automatic","3.6 3.6L V6 24V VVT","AWD",""," 2C3CDXJG5KH743407","67,956 ","Torred Clearcoat","Black","31,990","[{""photo urls"":"""",""photo urls-src"":""https://images.dealer.com/autodata/us/110/color/2019/USC90DOC202A0/PR3.jpg""}]","","Sedan","AWD, Black Cloth. 2019 Dodge Charger SXT Torred Clearcoat 8-Speed Automatic AWD 3.6L V6 24V VVT

18/27 City/Highway MPG


Awards:
  * 2019 KBB.com Best Resale Value Awards   * 2019 KBB.com Brand Image Awards","","","Used","Detailed SpecificationsStandard Features1st and 2nd row curtain head airbags4-wheel ABS BrakesABS and Driveline Traction ControlAluminum center console trimAluminum dash trimAudio System Premium Brand Speakers: AlpineAudio controls on steering wheelAutomatic front air conditioningAuxilliary engine coolerBraking AssistCargo area lightCloth seat upholsteryCompassCruise controlCruise controls on steering wheelDaytime running lightsDigital Audio InputDriver knee airbagsDual front air conditioning zonesDual illuminated vanity mirrorsElectric power steeringElectrochromatic rearview mirrorExternal temperature displayFold forward seatback rear seatsFront Seat Type : Sport bucketFront Ventilated disc brakesFront and rear reading lightsFront fog/driving lightsFuel Capacity: 18.5 gal.Fuel Consumption: City: 18 mpgFuel Consumption: Highway: 27 mpgFuel Type: Regular unleadedHeated driver mirrorHeated passenger mirrorHeated windshield washer jetsInterior air filtrationLeather shift knob trimLeather/metal-look steering wheel trimManufacturer's 0-60mph acceleration time (seconds): 5.7 sMax cargo capacity: 16 cu.ft.Painted aluminum rimsPassenger AirbagPower remote driver mirror adjustmentPower remote passenger mirror adjustmentPower remote trunk releasePower windowsPrivacy glass: LightRadio Data SystemRear benchRear seats center armrestRear spoiler: LipRemote Engine Start -Keyfob and Smart DeviceRemote activated exterior entry lightsRemote power door locksSide airbagSiriusXM AM/FM/HD/Satellite RadioSiriusXM GuardianSpeed Sensitive Audio Volume ControlStability controll with anti-rollSurround AudioSuspension class: RegularTachometerTilt and telescopic steering wheelTire Pressure Monitoring System: Tire specificTotal Number of Speakers: 6Transmission gear shifting controls on steering wheelTrip computerUConnect w/Bluetooth wireless phone connectivityUconnectVehicle Emissions: LEV IIVideo Monitor Location: FrontWheel Diameter: 19Wheel Width: 7.5"
"1659625153-2","https://www.belkford.net/used-inventory/index.htm","2022 Toyota Camry XLE Sedan I-4 cyl","https://www.belkford.net/used/Toyota/2022-Toyota-Camry-oxford-ms-437491080a0e0a9a0eb144ab90f0aca8.htm",": T5819","2022","Toyota","Camry","Sedan/5 seats","","8 speed automatic","2.5L I-4 cyl","Front-Wheel Drive",""," 4T1F11AK9NU017758","4,990 ","Pearl","Other","36,986","[{""photo urls"":"""",""photo urls-src"":""https://images.dealer.com/autodata/us/stockphoto/2022/USD20TOC021D0.jpg""}]","","Sedan/5 seats","Recent Arrival! 2022 Toyota Camry XLE White 8-Speed Automatic FWD 2.5L I4 DOHC 16V XLE


27/38 City/Highway MPG


This is the vehicle for you! Give us a call today and don't let it slip away! 60 years and still going strong!","","","Used","Detailed SpecificationsConvenience Features1-touch down1-touch upAdaptive Cruise Control: Full-Speed Range Dynamic Radar Cruise Control (DRCC)Air conditioningAuto-dimming rearview mirrorAutomatic temperature controlDriver door binDriver vanity mirrorEmergency communication system: Safety Connect with 1-year trialFront beverage holdersFront dual zone A/CGarage door transmitter: HomeLinkIlluminated entryOverhead consolePassenger door binPassenger vanity mirrorPower windowsProximity key: doors and push button startRear beverage holdersRear door binsRemote engine start: smart device only (subscription required)Remote keyless entrySpeed controlTelescoping steering wheelTilt steering wheelSuspension/HandlingAlloy wheelsFour wheel independent suspensionFront anti-roll barFront tires: 235/45VR18.0Power steeringRear anti-roll barRear tires: 235/45VR18.0Speed-sensing steeringWheel size: 18""Entertainment Features1st row LCD monitors: 2AM/FM radio: SiriusXMPrimary LCD size: 9.0""Radio data systemSatellite radio trial duration with new vehicle purchase (months): 3Smart device integration: Entune 3.0Steering wheel mounted audio controlsWireless phone connectivity: BluetoothSeats and TrimFront center armrestFront seats: bucketHeated front seatsLeather upholsteryMax seating capacity: 5Power 2-way driver lumbar supportPower driver seatPower passenger seatRear seat center armrestRear seats: benchRear seats Folding position: fold forward seatbackSeat Upholstery: leatherSplit folding rear seatPowertrainCompressor: Not AvailableCylinder configuration: I-4Drive type: front-wheelEngine liters: 2.5LEngine location: frontFuel economy city: 27mpgFuel economy combined: 31mpgFuel economy fuel type: gasolineFuel economy highway: 38mpgFuel tank capacity: 15.8gal.Horsepower: 203hp @ 6,600RPMHybrid traction battery type: noneManual-shift autoMode select transmissionNumber of valves: 16Recommended fuel: Regular UnleadedTorque: 184 lb.-ft. @ 5,000RPMTransmission: 8 speed automaticVariable valve controlBody ExteriorBumpers: body-colorDoor mirrors: body-colorHeated door mirrorsPower door mirrorsRear cargo: trunkTailpipe finisher: chromeTurn signal indicator mirrorsSpecs and DimensionsCompression ratio: 13.00 to 1Curb weight: 1,533kg (3,380lbs)Engine bore x stroke: 87.4mm x 103.4mm (3.44"" x 4.07"")Engine displacement: 2.5 LEngine horsepower: 203hp @ 6,600RPMEngine torque: 184 lb.-ft. @ 5,000RPMExterior body width: 1,839mm (72.4"")Exterior height: 1,445mm (56.9"")Exterior length: 4,879mm (192.1"")Front hiproom: 1,407mm (55.4"")Front legroom: 1,069mm (42.1"")Front shoulder room: 1,466mm (57.7"")Interior cargo volume: 428 L (15 cu.ft.)Interior maximum cargo volume: 428 L (15 cu.ft.)Rear headroom: 965mm (38.0"")Rear hiproom: 1,389mm (54.7"")Rear legroom: 965mm (38.0"")Rear shoulder room: 1,415mm (55.7"")Turning radius: 5.8m (19.0')Wheelbase: 2,824mm (111.2"")Lighting, Visibility and InstrumentationAppearance: analogAuto high-beam headlightsBlind spot: Blind Spot Monitor (BSM) warningDelay-off headlightsExterior parking camera rearFront reading lightsFully automatic headlightsLane departure: Lane Departure Alert (LDA) w/Steering Assist activeLow tire pressure warningOutside temperature displayRear reading lightsRear window defrosterTachometerTraffic sign informationTrip computerVariably intermittent wipersSafety and Security4 wheel disc brakesABS brakesBrake assistDual front impact airbagsDual front side impact airbagsElectronic stabilityForward collision: Toyota Safety Sense (TSS) 2.5+ mitigationIgnition disableKnee airbagOccupant sensing airbagOverhead airbagPanic alarmPedestrian detection: preventionRear side impact airbagSecurity systemTracker system: Safety ConnectTraction control"
"1659625159-3","https://www.belkford.net/used-inventory/index.htm","2019 Dodge Challenger SXT Coupe V6 24V VVT","https://www.belkford.net/used/Dodge/2019-Dodge-Challenger-oxford-ms-fa1d80af0a0e0a933cee0805b9c741b2.htm",": F4665","2019","Dodge","Challenger","","","8-Speed Automatic","3.6 3.6L V6 24V VVT","AWD",""," 2C3CDZGGXKH756558","68,488 ","Triple Nickel Clearcoat","Black","31,990","[{""photo urls"":"""",""photo urls-src"":""https://pictures.dealer.com/b/belkfordfd/1821/07a19db6f6344e5d4b36f7d297b154acx.jpg""},{""photo urls"":"""",""photo urls-src"":""https://pictures.dealer.com/b/belkfordfd/0830/fddccf1695c3e1cf8012ecdedfb8d9c3x.jpg""},{""photo urls"":"""",""photo urls-src"":""https://pictures.dealer.com/b/belkfordfd/1018/3844e1edf945712b73789f5e798e1879x.jpg""},{""photo urls"":"""",""photo urls-src"":""https://pictures.dealer.com/b/belkfordfd/1018/e22ffda51a8e72f29a16fa85e5613bc1x.jpg""},{""photo urls"":"""",""photo urls-src"":""https://pictures.dealer.com/b/belkfordfd/1911/7dfa76c48cc4b9960acd59224ee8b300x.jpg""},{""photo urls"":"""",""photo urls-src"":""https://pictures.dealer.com/b/belkfordfd/1628/e4f9730cef7ff68badd03e81187b1b6fx.jpg""},{""photo urls"":"""",""photo urls-src"":""https://pictures.dealer.com/b/belkfordfd/1310/2326870e235f7e85807de3e0a9749ed8x.jpg""},{""photo urls"":"""",""photo urls-src"":""https://pictures.dealer.com/b/belkfordfd/0092/9d27c3f2ad677be54472b0cb6afca987x.jpg""},{""photo urls"":"""",""photo urls-src"":""https://pictures.dealer.com/b/belkfordfd/1492/7743b82a792424d1a6cbbbac5589326bx.jpg""},{""photo urls"":"""",""photo urls-src"":""https://pictures.dealer.com/b/belkfordfd/0899/ee19f024785689c877e5d9c0eb3385d6x.jpg""},{""photo urls"":"""",""photo urls-src"":""https://pictures.dealer.com/b/belkfordfd/0960/fc39260f102c815e6ef2036481fe34a0x.jpg""},{""photo urls"":"""",""photo urls-src"":""https://pictures.dealer.com/b/belkfordfd/1084/6deb999aa00b40741f5a0a373f7b1730x.jpg""},{""photo urls"":"""",""photo urls-src"":""https://pictures.dealer.com/b/belkfordfd/0930/d2484afd758ec1515fb35727c8bf7905x.jpg""},{""photo urls"":"""",""photo urls-src"":""https://pictures.dealer.com/b/belkfordfd/0899/6bd3f9d2b32488ee4965b482070317cax.jpg""},{""photo urls"":"""",""photo urls-src"":""https://pictures.dealer.com/b/belkfordfd/1957/6a9ab5bdad4979b21a35793334a86e55x.jpg""},{""photo urls"":"""",""photo urls-src"":""https://pictures.dealer.com/b/belkfordfd/1220/0119a48c3117677262e4795041492db0x.jpg""}]","","Coupe","2019 Dodge Challenger SXT Triple Nickel Clearcoat 8-Speed Automatic AWD 3.6L V6 24V VVT

18/27 City/Highway MPG


Awards:
  * JD Power Automotive Performance, Execution and Layout (APEAL) Study, Initial Quality Study (IQS)   * 2019 KBB.com 10 Coolest Cars Under $30,000   * 2019 KBB.com Brand Image Awards","","","Used","Detailed SpecificationsStandard Features1st and 2nd row curtain head airbags4-wheel ABS BrakesABS and Driveline Traction ControlAM/FM/Satellite-prep RadioAluminum center console trimAluminum dash trimAnti-theft alarm systemAudio controls on steering wheelAutomatic front air conditioningAuxilliary engine coolerBraking AssistBucket front seatsCargo area lightClock: In-radio displayCloth seat upholsteryCompassCruise controlCruise controls on steering wheelDaytime running lightsDigital Audio InputDriver Seat Head Restraint Whiplash ProtectionDual front air conditioning zonesDual illuminated vanity mirrorsDusk sensing headlightsElectrochromatic rearview mirrorExternal temperature displayFold forward seatback rear seatsFront Ventilated disc brakesFront and rear reading lightsFuel Capacity: 18.5 gal.Fuel Consumption: City: 18 mpgFuel Consumption: Highway: 27 mpgFuel Type: Regular unleadedHead Restraint Whiplash Protection with Passenger SeatHeadlights off auto delayHeated driver mirrorHeated passenger mirrorInstrumentation: Low fuel levelInterior air filtrationLeather/metal-look shift knob trimLeather/metal-look steering wheel trimManufacturer's 0-60mph acceleration time (seconds): 5.8 sPassenger AirbagPower remote driver mirror adjustmentPower remote passenger mirror adjustmentPower remote trunk releasePower windowsPrivacy glass: LightRadio Data SystemRear benchRear seats center armrestRear spoiler: LipRemote activated exterior entry lightsRemote power door locksRemote window operationSide airbagSilver w/painted accents aluminum rimsSpeed Sensitive Audio Volume ControlSpeed-proportional electric power steeringStability controll with anti-rollSuspension class: RegularTachometerTilt and telescopic steering wheelTire Pressure Monitoring System: Tire specificTotal Number of Speakers: 6Trip computerUConnect w/Bluetooth wireless phone connectivityUconnectVehicle Emissions: ULEV IIVideo Monitor Location: FrontWheel Diameter: 19Wheel Width: 7.5"
"1659625163-4","https://www.belkford.net/used-inventory/index.htm","2021 Toyota Camry LE Sedan I-4 cyl","https://www.belkford.net/used/Toyota/2021-Toyota-Camry-oxford-ms-73663f690a0e081d50211876f96fe9fe.htm",": T1622","2021","Toyota","Camry","Sedan/5 seats","","8 speed automatic","2.5L I-4 cyl","Front-Wheel Drive",""," 4T1C11AK0MU553113","51,682 ","Silver","Other","30,106","[{""photo urls"":"""",""photo urls-src"":""https://images.dealer.com/ddc/vehicles/2021/Toyota/Camry/Sedan/trim_LE_35c464/color/Celestial%20Silver%20Metallic-1J9-136%2C136%2C136-110-en_US.jpg""}]","","Sedan/5 seats","Recent Arrival! 2021 Toyota Camry LE Silver 8-Speed Automatic FWD 2.5L I4 DOHC 16V LE

Cloth.

28/39 City/Highway MPG


This is the vehicle for you! Give us a call today and don't let it slip away! 60 years and still going strong!","","","Used","Detailed SpecificationsConvenience Features1-touch down1-touch upAdaptive Cruise Control: Dynamic Radar Cruise Control w/Lane Tracing Assist (LTA)Air conditioningDriver door binDriver vanity mirrorEmergency communication system: Safety Connect with 1-year trialFront beverage holdersIlluminated entryOverhead consolePassenger door binPassenger vanity mirrorPower windowsRear beverage holdersRear door binsRemote keyless entrySpeed controlTelescoping steering wheelTilt steering wheelSuspension/HandlingAlloy wheelsFour wheel independent suspensionFront anti-roll barFront tires: 215/55VR17.0Power steeringRear anti-roll barRear tires: 215/55VR17.0Speed-sensing steeringWheel size: 17""Entertainment Features1st row LCD monitors: 2AM/FM radio: SiriusXMRadio data systemSatellite radio trial duration with new vehicle purchase (months): 3Smart device integration: Entune 3.0Speakers: 6Steering wheel mounted audio controlsWireless phone connectivity: BluetoothSeats and TrimFront center armrestFront seats: bucketMax seating capacity: 5Power 2-way driver lumbar supportPower driver seatRear seat center armrestRear seats: benchRear seats Folding position: fold forward seatbackSeat Upholstery: clothSplit folding rear seatPowertrainCompressor: Not AvailableCylinder configuration: I-4Drive type: front-wheelEngine liters: 2.5LEngine location: frontFuel economy city: 28mpgFuel economy combined: 32mpgFuel economy fuel type: gasolineFuel economy highway: 39mpgFuel tank capacity: 15.8gal.Horsepower: 203hp @ 6,600RPMHybrid traction battery type: noneManual-shift autoNumber of valves: 16Recommended fuel: Regular UnleadedTorque: 184 lb.-ft. @ 5,000RPMTransmission: 8 speed automaticVariable valve controlBody ExteriorBumpers: body-colorDoor mirrors: body-colorPower door mirrorsRear cargo: trunkSpecs and DimensionsCompression ratio: 13.00 to 1Curb weight: 1,501kg (3,310lbs)Engine bore x stroke: 87.4mm x 103.4mm (3.44"" x 4.07"")Engine displacement: 2.5 LEngine horsepower: 203hp @ 6,600RPMEngine torque: 184 lb.-ft. @ 5,000RPMExterior body width: 1,839mm (72.4"")Exterior height: 1,445mm (56.9"")Exterior length: 4,879mm (192.1"")Front hiproom: 1,407mm (55.4"")Front legroom: 1,069mm (42.1"")Front shoulder room: 1,466mm (57.7"")Interior cargo volume: 428 L (15 cu.ft.)Interior maximum cargo volume: 428 L (15 cu.ft.)Rear headroom: 965mm (38.0"")Rear hiproom: 1,389mm (54.7"")Rear legroom: 965mm (38.0"")Rear shoulder room: 1,415mm (55.7"")Turning radius: 5.7m (18.7')Wheelbase: 2,824mm (111.2"")Lighting, Visibility and InstrumentationAppearance: analogAuto high-beam headlightsDelay-off headlightsExterior parking camera rearFront reading lightsFully automatic headlightsLane departure: Lane Departure Alert (LDA) w/Steering Assist activeLow tire pressure warningOutside temperature displayRear reading lightsRear window defrosterTachometerTrip computerVariably intermittent wipersSafety and Security4 wheel disc brakesABS brakesBrake assistDual front impact airbagsDual front side impact airbagsElectronic stabilityForward collision: Toyota Safety Sense (TSS) 2.5+ mitigationIgnition disableKnee airbagOccupant sensing airbagOverhead airbagPanic alarmPedestrian detection: preventionRear side impact airbagSecurity systemTraction control"
"1659625166-5","https://www.belkford.net/used-inventory/index.htm","2018 Ford Expedition Platinum SUV EcoBoost V6 GTDi DOHC 24V Twin Turbocharged","https://www.belkford.net/used/Ford/2018-Ford-Expedition-oxford-ms-44e2580e0a0e0a90683d8f86515a25dc.htm",": F3867","2018","Ford","Expedition","","","10-Speed Automatic","3.5 EcoBoost 3.5L V6 GTDi DOHC 24V Twin Turbocharged","4WD",""," 1FMJU1MT5JEA21624","49,096 ","Shadow Black","Ebony","56,230","[{""photo urls"":"""",""photo urls-src"":""https://images.dealer.com/ddc/vehicles/2018/Ford/Expedition/SUV/trim_Platinum_24576d/color/Shadow%20Black-G1-10%2C10%2C12-110-en_US.jpg""}]","","SUV","4WD. 2018 Ford Expedition Platinum Shadow Black 10-Speed Automatic 4WD EcoBoost 3.5L V6 GTDi DOHC 24V Twin Turbocharged

Odometer is 17966 miles below market average! Recent Arrival!


Awards:
  * JD Power Automotive Performance, Execution and Layout (APEAL) Study, Initial Quality Study (IQS)   * JD Power Initial Quality Study (IQS)   * 2018 KBB.com 10 Most Awarded Cars   * 2018 KBB.com Best Family Cars   * 2018 KBB.com Best Buy Awards   * 2018 KBB.com Brand Image Awards   * 2018 KBB.com 10 Most Awarded Brands","","","Used","Detailed SpecificationsStandard Features1st, 2nd and 3rd row head airbags4-wheel ABS Brakes60-40 Third Row SeatABS and Driveline Traction ControlAdaptive cruise controlAudio System Premium Brand Speakers: B&O PLAYAuxilliary transmission coolerBluetooth wireless phone connectivityBraking AssistCompassCruise controls on steering wheelDaytime running lightsDigital Audio InputDriver and passenger heated-cushion, driver and passenger heated-seatbackDriver seat memoryDriver's side electrochromatic auto-dimming mirrorsDual illuminated vanity mirrorsElectrochromatic rearview mirrorExpress open glass sunroofExternal temperature displayFront Ventilated disc brakesFront fog/driving lightsFuel Consumption: City: 17 mpgFuel Consumption: Highway: 22 mpgGenuine wood/metal-look center console trimGenuine wood/metal-look dash trimGenuine wood/metal-look door trimHeated driver mirrorHeated passenger mirrorHeated windshield washer jets, Wiper parkIn-Dash single CD playerIntegrated Navigation System : with voice activationLeather steering wheel trimMP3 playerMemorized Settings for 3 driversMemorized Settings including door mirror(s)Memorized Settings including pedalsMetal-look shift knob trimMulti-source Rear Audio SystemPassenger AirbagPolished aluminum rimsPower Adjustable PedalsPower Folding Third Row SeatPower remote driver mirror adjustmentPower remote passenger mirror adjustmentPower retractable mirrorsPower windowsPrivacy glass: DeepRadio Data SystemRear air conditioning with separate controlsRear heat ducts with separate controlsRemote Engine Start -Keyfob and Smart DeviceRemote, digital keypad power door locksRoof rackSYNC 3Side airbagSiriusXM AM/FM/HD/Satellite RadioSiriusXM Satellite Radio(TM)Speed Sensitive Audio Volume ControlStability controll with anti-rollSurround AudioTachometerTotal Number of Speakers: 12Trailer hitchTrip computerTurn signal in mirrorsVideo Monitor Location: FrontWheel Diameter: 22Wheel Width: 9.5"
"1659625172-6","https://www.belkford.net/used-inventory/index.htm","2020 Chevrolet Tahoe LT SUV EcoTec3 V8","https://www.belkford.net/used/Chevrolet/2020-Chevrolet-Tahoe-oxford-ms-f75d28830a0e0a997dd08af8a56500da.htm",": F4664","2020","Chevrolet","Tahoe","","","6-Speed Automatic Electronic with Overdrive","5.3 EcoTec3 5.3L V8","RWD",""," 1GNSCBKC2LR124359","76,982 ","Silver Ice Metallic","Black","42,990","[{""photo urls"":"""",""photo urls-src"":""https://pictures.dealer.com/b/belkfordfd/1014/354c1b7c2c2c04a664ea8ac4feb086d9x.jpg""},{""photo urls"":"""",""photo urls-src"":""https://pictures.dealer.com/b/belkfordfd/1758/5421b168e6dfaeb05c763b9cfac73408x.jpg""},{""photo urls"":"""",""photo urls-src"":""https://pictures.dealer.com/b/belkfordfd/1873/eb9f60d9b87cb8ff22ccab226a56ece0x.jpg""},{""photo urls"":"""",""photo urls-src"":""https://pictures.dealer.com/b/belkfordfd/1437/5f825f26ebaf064efc8d42bce3cb61fdx.jpg""},{""photo urls"":"""",""photo urls-src"":""https://pictures.dealer.com/b/belkfordfd/0289/c05397a6454c6218a397c42ac87c43c4x.jpg""},{""photo urls"":"""",""photo urls-src"":""https://pictures.dealer.com/b/belkfordfd/0444/5f2314b77db9de1afada76e9dd6c9f82x.jpg""},{""photo urls"":"""",""photo urls-src"":""https://pictures.dealer.com/b/belkfordfd/0909/18b1ee9f19e17d20f4b3013a6862a058x.jpg""},{""photo urls"":"""",""photo urls-src"":""https://pictures.dealer.com/b/belkfordfd/1524/3b8a1564ac84920e927c811294946264x.jpg""},{""photo urls"":"""",""photo urls-src"":""https://pictures.dealer.com/b/belkfordfd/1647/266adc34c39f0a4ce4c9fa3134f83a0cx.jpg""},{""photo urls"":"""",""photo urls-src"":""https://pictures.dealer.com/b/belkfordfd/1094/76cc1bc1aae57495aaec2abe44b12f6dx.jpg""},{""photo urls"":"""",""photo urls-src"":""https://pictures.dealer.com/b/belkfordfd/0731/771f11add124ee1b8e8dcceca37b4ba6x.jpg""},{""photo urls"":"""",""photo urls-src"":""https://pictures.dealer.com/b/belkfordfd/1977/1878a5a79f3038e662c3c1cc7bdcc6b2x.jpg""},{""photo urls"":"""",""photo urls-src"":""https://pictures.dealer.com/b/belkfordfd/0988/fa833b55b03bd693107e2dc7bd57898bx.jpg""},{""photo urls"":"""",""photo urls-src"":""https://pictures.dealer.com/b/belkfordfd/1883/37838b3b8fb8e39cc0b01c8253e257f5x.jpg""},{""photo urls"":"""",""photo urls-src"":""https://pictures.dealer.com/b/belkfordfd/0443/812490e288ebb247c8d4fa12d9303da0x.jpg""},{""photo urls"":"""",""photo urls-src"":""https://pictures.dealer.com/b/belkfordfd/0486/7f3378011d10cee0c5a56cf2d5aca010x.jpg""}]","","SUV","Black Leather. 2020 Chevrolet Tahoe LT Silver Ice Metallic 6-Speed Automatic Electronic with Overdrive RWD EcoTec3 5.3L V8


Awards:
  * ALG Residual Value","","","Used","Detailed SpecificationsStandard Features1st, 2nd and 3rd row head airbags4-wheel ABS Brakes60-40 Third Row SeatABS and Driveline Traction ControlAnti-theft alarm systemAudio System Premium Brand Speakers: BoseAudio System Premium Brand: Chevrolet MyLinkAudio controls on steering wheelAudio system securityAuxilliary engine coolerAuxilliary transmission coolerBluetooth wireless phone connectivityBraking AssistBucket front seatsChevrolet MyLinkCompassCruise controlCruise controls on steering wheelDaytime running lightsDigital Audio InputDriver and passenger heated-cushion, driver and passenger heated-seatbackDriver seat memoryDual illuminated vanity mirrorsElectrochromatic rearview mirrorExternal temperature displayFront Ventilated disc brakesFront and rear reading lightsFuel Consumption: City: 15 mpgFuel Consumption: Highway: 22 mpgHeated driver mirrorHeated passenger mirrorIn-Dash single CD playerLeather seat upholsteryLeather/metal-look steering wheel trimMP3 playerManual Folding Third Row SeatManufacturer's 0-60mph acceleration time (seconds): 7.3 sMemorized Settings for 2 driversMemorized Settings including pedalsMetal-look dash trimOnStar and Chevrolet connected services capablePassenger AirbagPolished aluminum rimsPower Adjustable PedalsPower liftgatePower remote driver mirror adjustmentPower remote passenger mirror adjustmentPower remote trunk releasePower windowsPrivacy glass: DeepRear air conditioning with separate controlsRear heat ducts with separate controlsRear seats center armrestRear spoiler: LipRemote engine startRemote power door locksRoof railsRunning boardsSide airbagSiriusXM AM/FM/HD/Satellite RadioSiriusXM Satellite Radio(TM)Speed Sensitive Audio Volume ControlSplit rear benchStability controll with anti-rollTachometerTilt and telescopic steering wheelTotal Number of Speakers: 9Trailer hitchTrip computerTumble forward rear seatsUrethane shift knob trimVideo Monitor Location: FrontWheel Diameter: 18Wheel Width: 8.5"
"1659625175-7","https://www.belkford.net/used-inventory/index.htm","2016 Kia Soul Base Hatchback I4 DGI","https://www.belkford.net/used/Kia/2016-Kia-Soul-oxford-ms-38c1e7cf0a0e087f7587a12c30982683.htm",": F4680","2016","Kia","Soul","","","6-Speed Automatic","1.6 1.6L I4 DGI","FWD",""," KNDJN2A23G7258211","96,010 ","Shadow Black","Gray 2-Tone","15,990","[{""photo urls"":"""",""photo urls-src"":""https://images.dealer.com/ddc/vehicles/2016/Kia/Soul/Hatchback/trim_Base_327e4a/color/Shadow%20Black-9H-32%2C29%2C30-110-en_US.jpg""}]","","Hatchback","2016 Kia Soul Base Shadow Black 6-Speed Automatic FWD 1.6L I4 DGI

24/30 City/Highway MPG Recent Arrival!


Awards:
  * JD Power Automotive Performance, Execution and Layout (APEAL) Study, Initial Quality Study (IQS), Vehicle Dependability Study   * JD Power Automotive Performance, Execution and Layout (APEAL) Study, Initial Quality Study (IQS), Vehicle Dependability Study (VDS)   * 2016 IIHS Top Safety Pick   * 2016 KBB.com 10 Coolest New Cars Under $18,000   * 2016 KBB.com 10 Best Used Cars Under $15,000","","","Used","Detailed SpecificationsStandard Features1st and 2nd row curtain head airbags4-wheel ABS BrakesABS and Driveline Traction ControlAudio controls on steering wheelAudio system memory card slotBlack grille w/chrome surroundBluetooth wireless phone connectivityBraking AssistBucket front seatsCargo area lightCenter Console: Full with covered storageClock: In-radio displayCloth seat upholsteryCoil front springCoil rear springCruise controlCruise controls on steering wheelCurb weight: 2,784 lbs.Digital Audio InputDual illuminated vanity mirrorsExternal temperature displayFold forward seatback rear seatsFront Head Room: 39.6""Front Independent SuspensionFront Ventilated disc brakesFront reading lightsFront suspension stabilizer barFuel Capacity: 14.2 gal.Fuel Consumption: City: 24 mpgFuel Consumption: Highway: 30 mpgFuel Type: Regular unleadedGross vehicle weight: 3,836 lbs.Independent front suspension classificationInstrumentation: Low fuel levelInterior air filtrationMP3 playerManual front air conditioningManufacturer's 0-60mph acceleration time (seconds): 9.2 sMax cargo capacity: 61 cu.ft.Overall Length: 163.0""Overall Width: 70.9""Overall height: 63.0""Overhead console: Mini with storagePassenger AirbagPower remote driver mirror adjustmentPower remote passenger mirror adjustmentPower windowsPrivacy glass: DeepRear benchRegular front stabilizer barRemote power door locksSemi-independent rear suspensionSide airbagSilver aluminum rimsSiriusXM AM/FM/Satellite RadioSiriusXM Satellite Radio(TM)Speed Sensitive Audio Volume ControlSpeed-proportional electric power steeringStability controlStrut front suspensionSurround AudioSuspension class: RegularTachometerTilt and telescopic steering wheelTire Pressure Monitoring SystemTorsion beam rear suspensionTotal Number of Speakers: 6Trip computerUrethane shift knob trimUrethane steering wheel trimVariable intermittent front wipersVehicle Emissions: ULEV IIWheel Diameter: 16Wheel Width: 6.5Wheelbase: 101.2"""
"1659625180-8","https://www.belkford.net/used-inventory/index.htm","2020 Toyota 4Runner Limited SUV V-6 cyl","https://www.belkford.net/used/Toyota/2020-Toyota-4Runner-oxford-ms-2483a6890a0e081d55203adcacfeeb45.htm",": T6270","2020","Toyota","4Runner","","","5 speed automatic","4.0L V-6 cyl","4x2",""," JTEZU5JR2L5214304","12,898 ","Blizzard Pearl","Other","47,890","[{""photo urls"":"""",""photo urls-src"":""https://pictures.dealer.com/o/oxfordtoyota/1528/d1cbefda89a934abcb5e73e29d04cae5x.jpg""},{""photo urls"":"""",""photo urls-src"":""https://pictures.dealer.com/o/oxfordtoyota/0144/100b15c3005fbafaa7ecb4c923ca6231x.jpg""},{""photo urls"":"""",""photo urls-src"":""https://pictures.dealer.com/o/oxfordtoyota/1832/72e4631e991b03a00e502167898510d9x.jpg""},{""photo urls"":"""",""photo urls-src"":""https://pictures.dealer.com/o/oxfordtoyota/1684/3086155e6ba52e408106675a0f348e06x.jpg""},{""photo urls"":"""",""photo urls-src"":""https://pictures.dealer.com/o/oxfordtoyota/0269/d17d783dd187f845c138ec86ec842804x.jpg""},{""photo urls"":"""",""photo urls-src"":""https://pictures.dealer.com/o/oxfordtoyota/0310/32e2aafbe0f89f8e1726364f956c0ae5x.jpg""},{""photo urls"":"""",""photo urls-src"":""https://pictures.dealer.com/o/oxfordtoyota/1121/f21be9d61906fbe28be6daf7890d180ex.jpg""},{""photo urls"":"""",""photo urls-src"":""https://pictures.dealer.com/o/oxfordtoyota/1402/f9d2d86463ff2b337b1c633b3fe0d5c2x.jpg""},{""photo urls"":"""",""photo urls-src"":""https://pictures.dealer.com/o/oxfordtoyota/1282/f3c14a01bdd0cd2767159c93387da8e7x.jpg""},{""photo urls"":"""",""photo urls-src"":""https://pictures.dealer.com/o/oxfordtoyota/0289/822840765c013de29e1024bbabdb21e2x.jpg""},{""photo urls"":"""",""photo urls-src"":""https://pictures.dealer.com/o/oxfordtoyota/0001/49f89eba566bf9d1fd74d6f131309251x.jpg""},{""photo urls"":"""",""photo urls-src"":""https://pictures.dealer.com/o/oxfordtoyota/0152/1364dba23939ecb6296637a66529bcecx.jpg""},{""photo urls"":"""",""photo urls-src"":""https://pictures.dealer.com/o/oxfordtoyota/0820/79e508c01a2cbb000b445540afcf29fex.jpg""},{""photo urls"":"""",""photo urls-src"":""https://pictures.dealer.com/o/oxfordtoyota/0935/c6d3277085c0faa36c9d9fab76456a98x.jpg""},{""photo urls"":"""",""photo urls-src"":""https://pictures.dealer.com/o/oxfordtoyota/0102/def9029ad96d89265fb3d49f05aefb8ax.jpg""},{""photo urls"":"""",""photo urls-src"":""https://pictures.dealer.com/o/oxfordtoyota/0313/3fbf22762fef235902bf8f147dfc80f8x.jpg""},{""photo urls"":"""",""photo urls-src"":""https://pictures.dealer.com/o/oxfordtoyota/1739/ff79fdc9d62fcdbd9f265796ffd2ed83x.jpg""},{""photo urls"":"""",""photo urls-src"":""https://pictures.dealer.com/o/oxfordtoyota/1808/5004a33a56ad88e9dacbd3d511373c3cx.jpg""},{""photo urls"":"""",""photo urls-src"":""https://pictures.dealer.com/o/oxfordtoyota/0402/16c46ac28ddda1bf94236d81d1e63d7bx.jpg""}]","","SUV","Recent Arrival! 2020 Toyota 4Runner Limited Blizzard Pearl 5-Speed Automatic with Overdrive RWD 4.0L V6 SMPI DOHC Limited

Leather.


This is the vehicle for you! Give us a call today and don't let it slip away! 60 years and still going strong!","","","Used","Detailed SpecificationsConvenience Features1-touch down1-touch upAdaptive Cruise Control: Dynamic Radar Cruise Control (DRCC)Air conditioningAuto-dimming rearview mirrorAutomatic temperature controlDriver door binDriver vanity mirrorEmergency communication system: Safety Connect with 1-year trialFront beverage holdersFront dual zone A/CGarage door transmitter: HomeLinkIlluminated entryMemory seatNavigation systemOverhead consolePassenger door binPassenger vanity mirrorPower moonroofPower windowsProximity key: doors and push button startRear beverage holdersRear door binsRemote keyless entrySpeed controlSunroof sunshade: manualTelescoping steering wheelTilt steering wheelSuspension/HandlingAlloy wheelsFront anti-roll barFront tires: 245/60SR20.0Front wheel independent suspensionPower steeringRear anti-roll barRear tires: 245/60SR20.0Speed-sensing steeringWheel size: 20""Entertainment Features1st row LCD monitors: 1AM/FM radio: SiriusXMDiversity antennaPrimary LCD size: 8.0""Satellite radio trial duration with new vehicle purchase (months): 3Smart device integration: Apple CarPlay/Android AutoSpeaker type: JBLSpeakers: 15Steering wheel mounted audio controlsWireless phone connectivity: BluetoothSeats and TrimFront center armrestFront seats: bucketHeated front seatsLeather upholsteryPower 2-way driver lumbar supportPower driver seatPower passenger seatRear seat center armrestRear seats: split-benchRear seats Folding position: fold forward seatbackSeat Upholstery: leatherSplit folding rear seatVentilated front seatsPowertrainCompressor: Not AvailableCylinder configuration: V-6Drive type: rear-wheelEngine liters: 4.0LEngine location: frontFuel economy city: 16mpgFuel economy combined: 17mpgFuel economy fuel type: gasolineFuel economy highway: 19mpgFuel tank capacity: 23.0gal.Horsepower: 270hp @ 5,600RPMHybrid traction battery type: noneLimited slip differential: brake actuatedManual-shift autoNumber of valves: 24Recommended fuel: Regular UnleadedSequential multi-point fuel injectionTorque: 278 lb.-ft. @ 4,400RPMTransmission: 5 speed automaticVariable valve controlOff-Road CapabilityApproach angle: 30 degDeparture angle: 26 degGround clearance (min): 229mm (9.0"")Body ExteriorBumpers: body-colorDoor mirrors: body-colorHeated door mirrorsPower door mirrorsRear cargo: liftgateSkid platesSpoilerTrailer hitch receiverTurn signal indicator mirrorsSpecs and DimensionsCompression ratio: 10.40 to 1Curb weight: 2,053kg (4,525lbs)Engine bore x stroke: 94.0mm x 95.0mm (3.70"" x 3.74"")Engine displacement: 4.0 LEngine horsepower: 270hp @ 5,600RPMEngine torque: 278 lb.-ft. @ 4,400RPMExterior body width: 1,925mm (75.8"")Exterior height: 1,816mm (71.5"")Exterior length: 4,844mm (190.7"")Front headroom: 980mm (38.6"")Front hiproom: 1,435mm (56.5"")Front legroom: 1,059mm (41.7"")Front shoulder room: 1,468mm (57.8"")GVWR: 2,767kg (6,100lbs)Payload: 714kg (1,575lbs)Rear headroom: 980mm (38.6"")Rear hiproom: 1,415mm (55.7"")Rear legroom: 836mm (32.9"")Rear shoulder room: 1,468mm (57.8"")Towing capacity: 2,268kg (5,000lbs)Turning radius: 5.7m (18.7')Wheelbase: 2,789mm (109.8"")Lighting, Visibility and InstrumentationAppearance: analogAuto high-beam headlightsCompassDelay-off headlightsExterior parking camera rearFront fog lightsFront reading lightsFully automatic headlightsLane departure: Lane Departure Alert (LDA) warningLow tire pressure warningOutside temperature displayParking sensors: front and rearRear window defrosterRear window wiperTachometerTrip computerVariably intermittent wipersSafety and Security4 wheel disc brakesABS brakesAnti-whiplash front head restraintsBrake assistDual front impact airbagsDual front side impact airbagsElectronic stabilityForward collision: Pre-Collision System (PCS) mitigationIgnition disableKnee airbagOccupant sensing airbagOverhead airbagPanic alarmPedestrian detection: preventionPerimeter/approach lightsSecurity systemTracker system: Safety ConnectTraction control"
"1659625184-9","https://www.belkford.net/used-inventory/index.htm","2019 Nissan Frontier SV Truck V6 DOHC","https://www.belkford.net/used/Nissan/2019-Nissan-Frontier-oxford-ms-4da0cbf20a0e0a9a0eb144abffe8cf49.htm",": F4684","2019","Nissan","Frontier","","","5-Speed Automatic with Overdrive","4 4.0L V6 DOHC","RWD",""," 1N6AD0ER8KN878794","65,292 ","Magnetic Black Pearl","Steel","28,461","[{""photo urls"":"""",""photo urls-src"":""https://images.dealer.com/evox/color_0320_032/MY2019/13077/13077_cc0320_032_G41.jpg""}]","","Truck","2019 Nissan Frontier SV Magnetic Black Pearl 5-Speed Automatic with Overdrive RWD 4.0L V6 DOHC

Recent Arrival!","","","Used","Detailed SpecificationsStandard Features1st and 2nd row curtain head airbags4-wheel ABS BrakesABS and Driveline Traction ControlAM/FM stereoAudio controls on steering wheelAudio system memory card slotAuxilliary transmission coolerBluetooth wireless phone connectivityBucket front seatsCenter Console: Full with covered storageChrome grilleClock: In-radio displayCloth seat upholsteryCoil front springCruise controlCruise controls on steering wheelCurb weight: 4,225 lbs.Digital Audio InputDouble wishbone front suspensionDriver Seat Head Restraint Whiplash ProtectionDual vanity mirrorsFold-up cushion rear seatsFront Independent SuspensionFront Ventilated disc brakesFront reading lightsFront suspension stabilizer barFuel Capacity: 21.1 gal.Fuel Consumption: City: 16 mpgFuel Consumption: Highway: 23 mpgFuel Type: Regular unleadedGross vehicle weight: 5,730 lbs.Head Restraint Whiplash Protection with Passenger SeatIndependent front suspension classificationInstrumentation: Low fuel levelInterior air filtrationLeaf rear springLeaf rear suspensionManual front air conditioningManufacturer's 0-60mph acceleration time (seconds): 7.2 sMetal-look dash trimOverall Length: 205.5""Overall Width: 72.8""Overall height: 70.1""Overhead console: Mini with storagePassenger AirbagPower remote driver mirror adjustmentPower remote passenger mirror adjustmentPower windowsPrivacy glass: DeepRadio Data SystemRegular front stabilizer barRemote power door locksRigid axle rear suspensionSide airbagSilver aluminum rimsSpare Tire Mount Location: Underbody w/crankdownSpeed-proportional power steeringSplit rear benchStability controlSteel spare wheel rimSuspension class: RegularTachometerTilt-adjustable steering wheelTire Pressure Monitoring SystemTotal Number of Speakers: 6Urethane shift knob trimUrethane steering wheel trimVariable intermittent front wipersVehicle Emissions: ULEV IIVideo Monitor Location: FrontWheel Diameter: 16Wheel Width: 7Wheelbase: 125.9"""
"1659625189-10","https://www.belkford.net/used-inventory/index.htm","2017 INFINITI QX60 Base SUV V6","https://www.belkford.net/used/INFINITI/2017-INFINITI-QX60-oxford-ms-4da0ca430a0e0a9a0eb144ab0acaf812.htm",": F4683","2017","INFINITI","QX60","","","Sport-Tuned CVT","3.5 3.5L V6","FWD",""," 5N1DL0MNXHC507069","83,253 ","Liquid Platinum","Graphite","27,274","[{""photo urls"":"""",""photo urls-src"":""https://images.dealer.com/ddc/vehicles/2017/Infiniti/QX60/SUV/trim_Base_88f52e/color/Liquid%20Platinum-K23-188%2C188%2C188-110-en_US.jpg""}]","","SUV","2017 INFINITI QX60 Base Liquid Platinum Sport-Tuned CVT FWD 3.5L V6

20/27 City/Highway MPG Recent Arrival!


Awards:
  * 2017 IIHS Top Safety Pick   * 2017 KBB.com 5-Year Cost to Own Awards","","","Used","Detailed SpecificationsStandard Features1st, 2nd and 3rd row head airbags4-wheel ABS Brakes50-50 Third Row SeatABS and Driveline Traction ControlAluminum dash trimAnti-theft alarm systemAudio controls on steering wheelAutomatic front air conditioningAuxilliary transmission coolerBluetooth wireless phone connectivityBraking AssistBucket front seatsCargo area lightCruise controlCruise controls on steering wheelDigital Audio InputDriver and passenger heated-cushion, driver and passenger heated-seatbackDual front air conditioning zonesDual illuminated vanity mirrorsElectrochromatic rearview mirrorExpress open/close glass sunroofExternal temperature displayFold forward seatback rear seatsFront Ventilated disc brakesFront and rear reading lightsFront fog/driving lightsFuel Consumption: City: 20 mpgFuel Consumption: Highway: 27 mpgHeated driver mirrorHeated passenger mirrorINFINITI InTouchIn-Dash single CD playerInterior air filtrationLeather seat upholsteryLeather shift knob trimLeather steering wheel trimMP3 playerManual Folding Third Row SeatManufacturer's 0-60mph acceleration time (seconds): 7.1 sMetal-look center console trimMetal-look door trimPassenger AirbagPower liftgatePower remote driver mirror adjustmentPower remote passenger mirror adjustmentPower remote trunk releasePower retractable mirrorsPower windowsPrivacy glass: DeepRadio Data SystemRear air conditioning with separate controlsRear heat ducts with separate controlsRear seats center armrestRear spoiler: LipRemote power door locksRemote window operationSide airbagSilver aluminum rimsSiriusXM AM/FM/HD/Satellite RadioSpeed Sensitive Audio Volume ControlSpeed-proportional power steeringSplit rear benchStability controlSuspension class: RegularTachometerTilt and telescopic steering wheelTire Pressure Monitoring System: Tire specificTotal Number of Speakers: 6Trip computerTurn signal in mirrorsVideo Monitor Location: FrontWheel Diameter: 18Wheel Width: 7.5"
"1659625194-11","https://www.belkford.net/used-inventory/index.htm","2019 Chevrolet Traverse LS SUV V6 SIDI VVT","https://www.belkford.net/used/Chevrolet/2019-Chevrolet-Traverse-oxford-ms-f5aa8c280a0e081d50211876e8acaa8b.htm",": F4661","2019","Chevrolet","Traverse","","","9-Speed Automatic","3.6 3.6L V6 SIDI VVT","FWD",""," 1GNERLKW3KJ145021","85,026 ","Mosaic Black Metallic","Jet Black","29,990","[{""photo urls"":"""",""photo urls-src"":""https://pictures.dealer.com/b/belkfordfd/1431/0296a063a551b45c60e4fc141c40745ax.jpg""},{""photo urls"":"""",""photo urls-src"":""https://pictures.dealer.com/b/belkfordfd/1572/b02acd02e9edf1f4a2e902b530675bfdx.jpg""},{""photo urls"":"""",""photo urls-src"":""https://pictures.dealer.com/b/belkfordfd/1840/2c5783e769c5f8607cb99571cca0cc77x.jpg""},{""photo urls"":"""",""photo urls-src"":""https://pictures.dealer.com/b/belkfordfd/0186/7d10b3a232bb02e4d7d17b93a7066c9dx.jpg""},{""photo urls"":"""",""photo urls-src"":""https://pictures.dealer.com/b/belkfordfd/0709/1eb941df11502cadd2d9d0e4a443c184x.jpg""},{""photo urls"":"""",""photo urls-src"":""https://pictures.dealer.com/b/belkfordfd/1906/bdd03efba68fee3729eb9802e6037848x.jpg""},{""photo urls"":"""",""photo urls-src"":""https://pictures.dealer.com/b/belkfordfd/0597/4b2f447b84015668d5006175497f44e7x.jpg""},{""photo urls"":"""",""photo urls-src"":""https://pictures.dealer.com/b/belkfordfd/0966/7dfcacf5dda4f2742b376286e6adff96x.jpg""},{""photo urls"":"""",""photo urls-src"":""https://pictures.dealer.com/b/belkfordfd/1275/b1b0d277e9c50d54b6bce4a6a40e00bax.jpg""},{""photo urls"":"""",""photo urls-src"":""https://pictures.dealer.com/b/belkfordfd/1666/2b2fa371637546ec8f027acb204cd27ex.jpg""},{""photo urls"":"""",""photo urls-src"":""https://pictures.dealer.com/b/belkfordfd/1537/cf2555052c8abe02cc14cb2024399d80x.jpg""},{""photo urls"":"""",""photo urls-src"":""https://pictures.dealer.com/b/belkfordfd/1005/8f4a277f34b485b2df97d67d3df88ab9x.jpg""},{""photo urls"":"""",""photo urls-src"":""https://pictures.dealer.com/b/belkfordfd/1993/c3517fe0ad116c35001a2c9be5f8d68fx.jpg""},{""photo urls"":"""",""photo urls-src"":""https://pictures.dealer.com/b/belkfordfd/0135/540ee99133174365368b04fba8a212c7x.jpg""},{""photo urls"":"""",""photo urls-src"":""https://pictures.dealer.com/b/belkfordfd/0061/4fce21d1bbb76709484d0809df9b441ax.jpg""},{""photo urls"":"""",""photo urls-src"":""https://pictures.dealer.com/b/belkfordfd/1851/f47dbfa07c3c150175c058288a471fffx.jpg""},{""photo urls"":"""",""photo urls-src"":""https://pictures.dealer.com/b/belkfordfd/1803/e9b8b8da29564f646d1b3dbd7bb05f2dx.jpg""},{""photo urls"":"""",""photo urls-src"":""https://pictures.dealer.com/b/belkfordfd/1986/416435b73f8a4620890a3cedd4ce4fc8x.jpg""},{""photo urls"":"""",""photo urls-src"":""https://pictures.dealer.com/b/belkfordfd/0445/2019c562a0bbf2124cd71228703abdbax.jpg""},{""photo urls"":"""",""photo urls-src"":""https://pictures.dealer.com/b/belkfordfd/0146/fdcee7b38c1b00ed0a174751e6883ca7x.jpg""},{""photo urls"":"""",""photo urls-src"":""https://pictures.dealer.com/b/belkfordfd/0342/25dc6bafce1d356f2636891602e75da6x.jpg""},{""photo urls"":"""",""photo urls-src"":""https://pictures.dealer.com/b/belkfordfd/1984/bc2bfcfb0e1d55dbc4575420f22fd4f0x.jpg""},{""photo urls"":"""",""photo urls-src"":""https://pictures.dealer.com/b/belkfordfd/0504/de80ca1fc930aed40169d060e181b88cx.jpg""},{""photo urls"":"""",""photo urls-src"":""https://pictures.dealer.com/b/belkfordfd/1661/dab36e980c6dc85238f9bb2701d90165x.jpg""},{""photo urls"":"""",""photo urls-src"":""https://pictures.dealer.com/b/belkfordfd/0065/a5c41f7e77af00d9f0ddd639daf0e4afx.jpg""},{""photo urls"":"""",""photo urls-src"":""https://pictures.dealer.com/b/belkfordfd/0237/67000789c743181acd8a58e2ed298b74x.jpg""},{""photo urls"":"""",""photo urls-src"":""https://pictures.dealer.com/b/belkfordfd/0556/ef0b76ce0bc0f81c819874178f05ec71x.jpg""},{""photo urls"":"""",""photo urls-src"":""https://pictures.dealer.com/b/belkfordfd/0135/ec1ef92078381d683273808cb96db50dx.jpg""},{""photo urls"":"""",""photo urls-src"":""https://pictures.dealer.com/b/belkfordfd/1225/2c57b8d59172b1d63a68bfc6caca21e6x.jpg""},{""photo urls"":"""",""photo urls-src"":""https://pictures.dealer.com/b/belkfordfd/1140/c21912e57470e88cc3d7f5bfbe33d605x.jpg""},{""photo urls"":"""",""photo urls-src"":""https://pictures.dealer.com/b/belkfordfd/1394/d237d7ad8a52995787c4724be029a6c7x.jpg""},{""photo urls"":"""",""photo urls-src"":""https://pictures.dealer.com/b/belkfordfd/1412/5aa91c2fc16fd7fc254194f3505a7e2cx.jpg""}]","","SUV","2019 Chevrolet Traverse LS w/1FL Mosaic Black Metallic 9-Speed Automatic FWD 3.6L V6 SIDI VVT

18/27 City/Highway MPG


Awards:
  * 2019 KBB.com 12 Best Family Cars","","","Used","Detailed SpecificationsStandard Features1st, 2nd and 3rd row head airbags4-wheel ABS Brakes60-40 Third Row SeatABS and Driveline Traction ControlAM/FM stereoAnti-theft alarm systemAudio controls on steering wheelAudio system securityAutomatic front air conditioningBluetooth wireless phone connectivityBraking AssistBucket front seatsCargo area lightChevrolet MyLinkClock: In-radio displayCloth seat upholsteryCoil front springCompassCruise controlCruise controls on steering wheelDaytime running lightsDigital Audio InputDual front air conditioning zonesDual illuminated vanity mirrorsDusk sensing headlightsExternal temperature displayFold forward seatback rear seatsFront Ventilated disc brakesFront and rear reading lightsFuel Capacity: 19.4 gal.Fuel Consumption: City: 18 mpgFuel Consumption: Highway: 27 mpgFuel Type: Regular unleadedHeadlights off auto delayHeated driver mirrorHeated passenger mirrorIndependent front suspension classificationInstrumentation: Low fuel levelIntegrated satellite communicationsInterior air filtrationManual Folding Third Row SeatMax cargo capacity: 98 cu.ft.Metal-look door trimPassenger AirbagPower remote driver mirror adjustmentPower remote passenger mirror adjustmentPower windowsPrivacy glass: DeepRadio Data SystemRear air conditioning with separate controlsRear heat ducts with separate controlsRear spoiler: LipRegular front stabilizer barRemote activated exterior entry lightsRemote power door locksRemote window operationSide airbagSilver aluminum rimsSpeed Sensitive Audio Volume ControlSpeed-proportional electric power steeringSplit rear benchStability controll with anti-rollStrut front suspensionSuspension class: RegularTachometerTilt-adjustable steering wheelTire Pressure Monitoring System: Tire specificTotal Number of Speakers: 6Trip computerUrethane shift knob trimUrethane steering wheel trimVehicle Emissions: ULEV IIVideo Monitor Location: FrontWheel Diameter: 18Wheel Width: 7.5"
"1659625199-12","https://www.belkford.net/used-inventory/index.htm","2021 Ford Ranger Truck EcoBoost I4 GTDi DOHC Turbocharged VCT","https://www.belkford.net/used/Ford/2021-Ford-Ranger-oxford-ms-1f15cde80a0e087f7587a12cbd6a1ab9.htm",": F3407","2021","Ford","Ranger","","","10-Speed Automatic","2.3 EcoBoost 2.3L I4 GTDi DOHC Turbocharged VCT","4WD",""," 1FTER4FH1MLD91910","8,537 ","Velocity Blue Metallic","Lh","43,835","[{""photo urls"":"""",""photo urls-src"":""https://pictures.dealer.com/b/belkfordfd/0982/e3e9feb09f50d0e655c0dfbd21367862x.jpg""},{""photo urls"":"""",""photo urls-src"":""https://pictures.dealer.com/b/belkfordfd/1096/eeff45825bc99cc429592661907f6457x.jpg""},{""photo urls"":"""",""photo urls-src"":""https://pictures.dealer.com/b/belkfordfd/1122/39e30692da3a5e6d4fe4a09c41f6b274x.jpg""},{""photo urls"":"""",""photo urls-src"":""https://pictures.dealer.com/b/belkfordfd/1542/8fa2cb560beb5f2361fa0b5284238b6ax.jpg""},{""photo urls"":"""",""photo urls-src"":""https://pictures.dealer.com/b/belkfordfd/1558/08d3c6eba9cebd74040a1b26c9b5b76ax.jpg""},{""photo urls"":"""",""photo urls-src"":""https://pictures.dealer.com/b/belkfordfd/0127/0988c2383c2d88a15cca0dbbf15565d1x.jpg""},{""photo urls"":"""",""photo urls-src"":""https://pictures.dealer.com/b/belkfordfd/0774/30584ad3a1d4934ee5319dd8a632afa8x.jpg""},{""photo urls"":"""",""photo urls-src"":""https://pictures.dealer.com/b/belkfordfd/1689/a9c06988ef8665e1b2522c897c97061cx.jpg""},{""photo urls"":"""",""photo urls-src"":""https://pictures.dealer.com/b/belkfordfd/0876/2469237a53db5ac123ef06ff77974acfx.jpg""},{""photo urls"":"""",""photo urls-src"":""https://pictures.dealer.com/b/belkfordfd/0647/644039c509abc0595351f8b8aabbdf95x.jpg""},{""photo urls"":"""",""photo urls-src"":""https://pictures.dealer.com/b/belkfordfd/1711/e2b1641e8f534a2dc2119e336587ea0fx.jpg""},{""photo urls"":"""",""photo urls-src"":""https://pictures.dealer.com/b/belkfordfd/1274/9d52d7323bd793308d47221be6ff1412x.jpg""},{""photo urls"":"""",""photo urls-src"":""https://pictures.dealer.com/b/belkfordfd/1128/38eaa8c6867b2ada6fdecf8d93d4fc8ex.jpg""},{""photo urls"":"""",""photo urls-src"":""https://pictures.dealer.com/b/belkfordfd/0913/d2ead09c98fb60e47bc3ba7ea0b015dbx.jpg""},{""photo urls"":"""",""photo urls-src"":""https://pictures.dealer.com/b/belkfordfd/0360/949975177d3863c80e3f25265162f85fx.jpg""},{""photo urls"":"""",""photo urls-src"":""https://pictures.dealer.com/b/belkfordfd/1689/18b9f5ff52582f467a54e25555b91cdex.jpg""},{""photo urls"":"""",""photo urls-src"":""https://pictures.dealer.com/b/belkfordfd/0918/5c4aaf23dbda0b0528b409f560648612x.jpg""}]","","Truck","4WD. 2021 Ford Ranger Velocity Blue Metallic 10-Speed Automatic 4WD EcoBoost 2.3L I4 GTDi DOHC Turbocharged VCT

Odometer is 3600 miles below market average! Recent Arrival!","","","Used","Detailed SpecificationsStandard Features1st and 2nd row curtain head airbags4-wheel ABS BrakesABS and Driveline Traction ControlAnti-theft alarm systemAudio controls on steering wheelAutomatic front air conditioningBluetooth wireless phone connectivityBraking AssistBucket front seatsClock: In-radio displayCoil front springCompassCruise controlCruise controls on steering wheelDaytime running lightsDual front air conditioning zonesDusk sensing headlightsExternal temperature displayFold-up cushion rear seatsFront Independent SuspensionFront Ventilated disc brakesFront and rear reading lightsFront fog/driving lightsFront suspension stabilizer barFuel Capacity: 18.0 gal.Fuel Consumption: City: 20 mpgFuel Consumption: Highway: 24 mpgFuel Type: Regular unleadedHeadlights off auto delayIndependent front suspension classificationInstrumentation: Low fuel levelIntercooled TurboLeaf rear springLeaf rear suspensionMax cargo capacity: 34 cu.ft.Metal-look dash trimPassenger AirbagPower remote driver mirror adjustmentPower remote passenger mirror adjustmentPower windowsPremium cloth seat upholsteryPrivacy glass: DeepRear benchRear seats center armrestRegular front stabilizer barRemote Engine Start : Remote engine start - smart device only (subscription required)Remote activated exterior entry lightsRemote power door locksRigid axle rear suspensionSYNC 3SYNC 3 911 AssistShort and long arm front suspensionSide airbagSilver aluminum rimsSiriusXM AM/FM/Satellite RadioSiriusXM Satellite Radio(TM)Speed Sensitive Audio Volume ControlSpeed-proportional electric power steeringStability controll with anti-rollSteel spare wheel rimSuspension class: RegularTilt and telescopic steering wheelTire Pressure Monitoring System: Tire specificTotal Number of Speakers: 6Trip computerUrethane shift knob trimUrethane steering wheel trimVariable intermittent front wipersVehicle Emissions: LEV3-ULEV70Video Monitor Location: FrontWheel Diameter: 17Wheel Width: 8"
"1659625203-13","https://www.belkford.net/used-inventory/index.htm","2019 Toyota Avalon XSE Sedan V-6 cyl","https://www.belkford.net/used/Toyota/2019-Toyota-Avalon-oxford-ms-0abafb1d0a0e0a9074095e37de15ac99.htm",": T1792","2019","Toyota","Avalon","Sedan/5 seats","","8 speed automatic","3.5L V-6 cyl","Front-wheel Drive",""," 4T1BZ1FB2KU011232","32,766 ","Midnight Black","Other","36,795","[{""photo urls"":"""",""photo urls-src"":""https://images.dealer.com/evox/color_0320_032/MY2019/12849/12849_cc0320_032_218.jpg""}]","","Sedan/5 seats","Recent Arrival! 2019 Toyota Avalon XSE Midnight Black 8-Speed Automatic FWD 3.5L V6 DOHC Dual VVT-i 24V XSE

8-Speed Automatic.

22/31 City/Highway MPG


Awards:
  * 2019 KBB.com Brand Image Awards   * 2019 KBB.com Best Resale Value Awards
This is the vehicle for you! Give us a call today and don't let it slip away! 60 years and still going strong!","","","Used","Detailed SpecificationsConvenience Features1-touch down1-touch upAir conditioningAuto-dimming rearview mirrorAutomatic temperature controlDistance pacing cruise controlDriver door binDriver vanity mirrorEmergency communication system: Safety ConnectFront beverage holdersFront dual zone A/CGarage door transmitter: HomeLinkIlluminated entryOverhead consolePassenger door binPassenger vanity mirrorPower moonroofPower windowsProximity key: doors and push button startRear beverage holdersRear door binsRemote engine start: smart device onlyRemote keyless entrySpeed controlTelescoping steering wheelTilt steering wheelSuspension/HandlingAlloy wheelsFour wheel independent suspensionFront anti-roll barFront tires: 235/40VR19.0Power steeringRear anti-roll barRear tires: 235/40VR19.0Speed-sensing steeringWheel size: 19""Entertainment Features1st row LCD monitors: 2AM/FM radio: SiriusXMPrimary LCD size: 9.0""Radio data systemSatellite radio trial duration with new vehicle purchase (months): 3Smart device integrationSteering wheel mounted audio controlsWireless phone connectivity: BluetoothSeats and TrimFront center armrestFront seats: bucketHeated front seatsMax seating capacity: 5Power 2-way driver lumbar supportPower driver seatPower passenger seatRear seat center armrestRear seats: benchRear seats Folding position: fold forward seatbackSplit folding rear seatPowertrainCylinder configuration: V-6Drive type: front-wheelEngine liters: 3.5Engine location: frontFuel economy city: 22mpgFuel economy combined: 25mpgFuel economy highway: 31mpgFuel tank capacity: 15.8gal.Horsepower: 301hp @ 6,600RPMManual-shift autoMode select transmissionNumber of valves: 24Recommended fuel: Regular UnleadedTorque: 267 lb.-ft. @ 4,700RPMTransmission: 8 speed automaticVariable intake manifoldVariable valve controlBody ExteriorBumpers: body-colorHeated door mirrorsPower door mirrorsRear cargo: trunkSpoilerTailpipe finisher: chromeTurn signal indicator mirrorsSpecs and DimensionsCompression ratio: 11.80 to 1Curb weight: 1,650kg (3,638lbs)Engine bore x stroke: 94.0mm x 83.0mm (3.70"" x 3.27"")Engine displacement: 3.5 LEngine horsepower: 301hp @ 6,600RPMEngine torque: 267 lb.-ft. @ 4,700RPMExterior body width: 1,849mm (72.8"")Exterior height: 1,435mm (56.5"")Exterior length: 4,976mm (195.9"")Front headroom: 950mm (37.4"")Front hiproom: 1,417mm (55.8"")Front legroom: 1,069mm (42.1"")Front shoulder room: 1,481mm (58.3"")Interior cargo volume: 456 L (16 cu.ft.)Interior maximum cargo volume: 456 L (16 cu.ft.)Passenger volume: 2,914L (102.9 cu.ft.)Payload: 426kg (940lbs)Rear headroom: 953mm (37.5"")Rear hiproom: 1,392mm (54.8"")Rear legroom: 1,024mm (40.3"")Rear shoulder room: 1,450mm (57.1"")Turning radius: 5.9m (19.3')Wheelbase: 2,870mm (113.0"")Lighting, Visibility and InstrumentationAuto high-beam headlightsBlind spot: Blind Spot Monitor (BSM) warningCompassDelay-off headlightsDisplay: analogExterior parking camera rearForward collision: Pre-Collision System (PCS) mitigationFront reading lightsFully automatic headlightsLane departure: Lane Departure Alert (LDA) w/Steering Assist activeLow tire pressure warningOutside temperature displayRear collision: Rear Cross-Traffic Alert (RCTA) warningRear reading lightsRear window defrosterTachometerTrip computerVariably intermittent wipersSafety and Security4 wheel disc brakesABS brakesBrake assistDual front impact airbagsDual front side impact airbagsElectronic stabilityIgnition disableKnee airbagOccupant sensing airbagOverhead airbagPanic alarmPerimeter/approach lightsRear side impact airbagSecurity systemTracker systemTraction control"
"1659625207-14","https://www.belkford.net/used-inventory/index.htm","2020 Toyota Highlander XLE SUV V-6 cyl","https://www.belkford.net/used/Toyota/2020-Toyota-Highlander-oxford-ms-e703d5d70a0e094a1fe4dfadce311b29.htm",": T6328","2020","Toyota","Highlander","","","8 speed automatic","3.5L V-6 cyl","Front-Wheel Drive",""," 5TDGZRAH1LS007618","36,028 ","Gray","Other","43,445","[{""photo urls"":"""",""photo urls-src"":""https://pictures.dealer.com/o/oxfordtoyota/1719/b99868a5e7388f9e7a7738747c8d1c2cx.jpg""},{""photo urls"":"""",""photo urls-src"":""https://pictures.dealer.com/o/oxfordtoyota/1084/b24508a1239c1b4be74defcb6839f8b3x.jpg""},{""photo urls"":"""",""photo urls-src"":""https://pictures.dealer.com/o/oxfordtoyota/0784/71cb8ba2b1527f69002020fe6079eb49x.jpg""},{""photo urls"":"""",""photo urls-src"":""https://pictures.dealer.com/o/oxfordtoyota/1944/f5e55be0becdf9268bd4e3c2f64e1147x.jpg""},{""photo urls"":"""",""photo urls-src"":""https://pictures.dealer.com/o/oxfordtoyota/0331/2bd4105e4c8752ac02a038aefcdecc04x.jpg""},{""photo urls"":"""",""photo urls-src"":""https://pictures.dealer.com/o/oxfordtoyota/0056/42be8e6a92cdc74be076572a211bd338x.jpg""},{""photo urls"":"""",""photo urls-src"":""https://pictures.dealer.com/o/oxfordtoyota/0011/29f47267e59c23df9dfc8aaab5e87761x.jpg""},{""photo urls"":"""",""photo urls-src"":""https://pictures.dealer.com/o/oxfordtoyota/1920/114f5bb9e9ecc2d8300a876e4aa1240fx.jpg""},{""photo urls"":"""",""photo urls-src"":""https://pictures.dealer.com/o/oxfordtoyota/1903/c09c50c07664deea8402346298ea86b6x.jpg""},{""photo urls"":"""",""photo urls-src"":""https://pictures.dealer.com/o/oxfordtoyota/1639/ce13bb8030b1e992c5c7055cb2e95f19x.jpg""},{""photo urls"":"""",""photo urls-src"":""https://pictures.dealer.com/o/oxfordtoyota/0195/6e378fee49cb70c45fdfbf4a5407b70ax.jpg""},{""photo urls"":"""",""photo urls-src"":""https://pictures.dealer.com/o/oxfordtoyota/0331/edc46cceca1d210c219eafbf6120c42fx.jpg""},{""photo urls"":"""",""photo urls-src"":""https://pictures.dealer.com/o/oxfordtoyota/0488/9184b8ca00dac4703f88a6b772ada9dex.jpg""},{""photo urls"":"""",""photo urls-src"":""https://pictures.dealer.com/o/oxfordtoyota/0038/41497b59b7a20e59e87034410780742cx.jpg""},{""photo urls"":"""",""photo urls-src"":""https://pictures.dealer.com/o/oxfordtoyota/0124/2a9aa3738cc2078998f0856efb9ffa56x.jpg""},{""photo urls"":"""",""photo urls-src"":""https://pictures.dealer.com/o/oxfordtoyota/0580/6b4aeeb809bba7d88baf78948b3657b0x.jpg""},{""photo urls"":"""",""photo urls-src"":""https://pictures.dealer.com/o/oxfordtoyota/0833/fc19f17f74e187adc7690503ade43ffdx.jpg""},{""photo urls"":"""",""photo urls-src"":""https://pictures.dealer.com/o/oxfordtoyota/0960/7a24df3c603e3bf9c92f8d49e133b7c6x.jpg""},{""photo urls"":"""",""photo urls-src"":""https://pictures.dealer.com/o/oxfordtoyota/0142/756413dfc94c10cb5cc15136e33ba0c0x.jpg""},{""photo urls"":"""",""photo urls-src"":""https://pictures.dealer.com/o/oxfordtoyota/1376/5d881dd9e6ef825218f273c5a3272397x.jpg""},{""photo urls"":"""",""photo urls-src"":""https://pictures.dealer.com/o/oxfordtoyota/1076/bbb2744b75e975ae31e6cb85e2f36fabx.jpg""},{""photo urls"":"""",""photo urls-src"":""https://pictures.dealer.com/o/oxfordtoyota/1309/8f99f42c0d5b1a77acd28bc18068fd71x.jpg""},{""photo urls"":"""",""photo urls-src"":""https://pictures.dealer.com/o/oxfordtoyota/0785/cc10117ba9cf4965f8f289f52b94ef6ex.jpg""},{""photo urls"":"""",""photo urls-src"":""https://pictures.dealer.com/o/oxfordtoyota/1139/e68c9ca167e72151d3048c3f44c38ce0x.jpg""}]","","SUV","Recent Arrival! 2020 Toyota Highlander XLE Gray 8-Speed Automatic FWD 3.5L V6 DOHC XLE


21/29 City/Highway MPG


This is the vehicle for you! Give us a call today and don't let it slip away! 60 years and still going strong!","","","Used","Detailed SpecificationsConvenience Features1-touch down1-touch upAdaptive Cruise Control: Full-Speed Range Dynamic Radar Cruise Control (DRCC)Air conditioningAuto-dimming rearview mirrorAutomatic temperature controlDriver door binDriver vanity mirrorEmergency communication system: Safety Connect with 3-year trialFront beverage holdersFront dual zone A/CGarage door transmitter: HomeLinkIlluminated entryOverhead consolePassenger door binPassenger vanity mirrorPower moonroofPower windowsProximity key: doors and push button startRear air conditioningRear beverage holdersRear door binsRemote engine start: smart device only (subscription required)Remote keyless entrySpeed controlSunroof sunshade: manualTelescoping steering wheelTilt steering wheelTrunk/hatch auto-latchSuspension/HandlingAlloy wheelsFour wheel independent suspensionFront anti-roll barFront tires: 235/65SR18.0Power steeringRear anti-roll barRear tires: 235/65SR18.0Speed-sensing steeringWheel size: 18""Entertainment Features1st row LCD monitors: 2AM/FM radio: SiriusXMDiversity antennaPrimary LCD size: 8.0""Satellite radio trial duration with new vehicle purchase (months): 3Smart device integration: Apple CarPlay/Android AutoSpeakers: 6Steering wheel mounted audio controlsWireless phone connectivity: BluetoothSeats and Trim3rd row seats: split-benchFront center armrestFront seats: bucketHeated front seatsLeather shift knobPower 2-way driver lumbar supportPower driver seatPower passenger seatRear seats Folding position: fold forward seatbackReclining 3rd row seatSeat Upholstery: leatherette SofTexSplit folding rear seatPowertrainCompressor: Not AvailableCylinder configuration: V-6Drive type: front-wheelEngine liters: 3.5LEngine location: frontFuel economy city: 21mpgFuel economy combined: 24mpgFuel economy fuel type: gasolineFuel economy highway: 29mpgFuel tank capacity: 17.9gal.Horsepower: 295hp @ 6,600RPMHybrid traction battery type: noneManual-shift autoMode select transmissionNumber of valves: 24Recommended fuel: Regular UnleadedTorque: 263 lb.-ft. @ 4,700RPMTransmission: 8 speed automaticVariable intake manifoldVariable valve controlOff-Road CapabilityApproach angle: 18 degDeparture angle: 23 degGround clearance (max): 203mm (8.0"")Body ExteriorBumpers: body-colorDoor mirrors: body-colorHeated door mirrorsPower door mirrorsPower liftgateRear cargo: power liftgateSpoilerTrailer sway controlTurn signal indicator mirrorsSpecs and Dimensions3rd row headroom: 917mm (36.1"")3rd row hiproom: 1,158mm (45.6"")3rd row legroom: 704mm (27.7"")3rd row shoulder room: 1,397mm (55.0"")Compression ratio: 11.80 to 1Curb weight: 1,903kg (4,195lbs)Engine bore x stroke: 94.0mm x 83.0mm (3.70"" x 3.27"")Engine displacement: 3.5 LEngine horsepower: 295hp @ 6,600RPMEngine torque: 263 lb.-ft. @ 4,700RPMExterior body width: 1,930mm (76.0"")Exterior height: 1,730mm (68.1"")Exterior length: 4,950mm (194.9"")Front headroom: 975mm (38.4"")Front hiproom: 1,453mm (57.2"")Front legroom: 1,026mm (40.4"")Front shoulder room: 1,499mm (59.0"")GVWR: 2,644kg (5,830lbs)Interior cargo volume: 453 L (16 cu.ft.)Interior maximum cargo volume: 2,387 L (84 cu.ft.)Passenger volume: 3,939L (139.1 cu.ft.)Payload: 742kg (1,635lbs)Rear headroom: 1,001mm (39.4"")Rear hiproom: 1,448mm (57.0"")Rear legroom: 1,041mm (41.0"")Rear shoulder room: 1,483mm (58.4"")Towing capacity: 2,268kg (5,000lbs)Turning radius: 5.7m (18.7')Wheelbase: 2,850mm (112.2"")Lighting, Visibility and InstrumentationAppearance: analogAuto high-beam headlightsBlind spot: Blind Spot Monitor (BSM) warningDelay-off headlightsExterior parking camera rearFront fog lightsFront reading lightsFully automatic headlightsLane departure: Lane Departure Alert with Steering Assist (LDA w/SA) activeLow tire pressure warningOutside temperature displayRear reading lightsRear window defrosterRear window wiperSun blindsTachometerTraffic sign informationTrip computerVariably intermittent wipersSafety and Security4 wheel disc brakesABS brakesBrake assistDual front impact airbagsDual front side impact airbagsElectronic stabilityForward collision: Pre-Collision System with Pedestrian Detection (PCS w/PD) mitigationIgnition disableKnee airbagOccupant sensing airbagOverhead airbagPanic alarmPedestrian detection: preventionPerimeter/approach lightsRear collision: Rear Cross-Traffic Alert (RCTA) warningSecurity systemTracker system: Safety Connect with 3-year trialTraction control"
"1659625213-15","https://www.belkford.net/used-inventory/index.htm","2020 Hyundai Elantra SEL Sedan I-4 cyl","https://www.belkford.net/used/Hyundai/2020-Hyundai-Elantra-oxford-ms-69c023bb0a0e0971237ac0baadb6351f.htm",": T3350","2020","Hyundai","Elantra","Sedan/5 seats","","continuously variable automatic","2.0L I-4 cyl","Front-Wheel Drive",""," 5NPD84LF0LH575997","68,747 ","Lakeside Blue","Gray","21,267","[{""photo urls"":"""",""photo urls-src"":""https://pictures.dealer.com/o/oxfordtoyota/1119/6a7bae7a8b53021bbbdbee22dc531091x.jpg""},{""photo urls"":"""",""photo urls-src"":""https://pictures.dealer.com/o/oxfordtoyota/1330/48c57b31be7338f0d7a6f8768a20d933x.jpg""},{""photo urls"":"""",""photo urls-src"":""https://pictures.dealer.com/o/oxfordtoyota/1000/6d9d2503f0bce44b768cb01fd145c66cx.jpg""},{""photo urls"":"""",""photo urls-src"":""https://pictures.dealer.com/o/oxfordtoyota/1616/e4b597356c49bfcee05bbbaa2a3d4c4ex.jpg""},{""photo urls"":"""",""photo urls-src"":""https://pictures.dealer.com/o/oxfordtoyota/0022/a4c939a1eaaeb1c51b1db6658be1717ax.jpg""},{""photo urls"":"""",""photo urls-src"":""https://pictures.dealer.com/o/oxfordtoyota/1171/caed86f0d2384069672a6f53014a685dx.jpg""},{""photo urls"":"""",""photo urls-src"":""https://pictures.dealer.com/o/oxfordtoyota/0724/443733ae3f6b9e7f8365fe1ff59b3ea9x.jpg""},{""photo urls"":"""",""photo urls-src"":""https://pictures.dealer.com/o/oxfordtoyota/1749/980a463c69720c852bb2d9969f51e18fx.jpg""},{""photo urls"":"""",""photo urls-src"":""https://pictures.dealer.com/o/oxfordtoyota/1268/297688b1ebe896b4c5eaeb08264fae10x.jpg""},{""photo urls"":"""",""photo urls-src"":""https://pictures.dealer.com/o/oxfordtoyota/1759/2e8c494536f5c7584f3458d1f1c79451x.jpg""},{""photo urls"":"""",""photo urls-src"":""https://pictures.dealer.com/o/oxfordtoyota/1450/f5c7ef4edd57533930a6b2326f838739x.jpg""},{""photo urls"":"""",""photo urls-src"":""https://pictures.dealer.com/o/oxfordtoyota/1836/1f473acfca9c72c2f3b7d88d025b13fbx.jpg""},{""photo urls"":"""",""photo urls-src"":""https://pictures.dealer.com/o/oxfordtoyota/0394/cdf335cc3601058ab1359c2bd62fcc67x.jpg""},{""photo urls"":"""",""photo urls-src"":""https://pictures.dealer.com/o/oxfordtoyota/1132/1742f4d0403e9057a024b198e63de234x.jpg""},{""photo urls"":"""",""photo urls-src"":""https://pictures.dealer.com/o/oxfordtoyota/0031/34db0ed38d63b81ee197f8b36add9f41x.jpg""},{""photo urls"":"""",""photo urls-src"":""https://pictures.dealer.com/o/oxfordtoyota/0875/057b43af63e15ee7af8d132828d6b68cx.jpg""}]","","Sedan/5 seats","2020 Hyundai Elantra SEL Lakeside Blue IVT FWD 2.0L 4-Cylinder DOHC 16V SEL


30/40 City/Highway MPG


This is the vehicle for you! Give us a call today and don't let it slip away! 60 years and still going strong!","","","Used","Detailed SpecificationsConvenience Features1-touch downAir conditioningAutomatic temperature controlDriver door binDriver vanity mirrorFront beverage holdersFront dual zone A/CIlluminated entryOverhead consolePassenger door binPassenger vanity mirrorPower windowsRear beverage holdersRear door binsRemote keyless entrySpeed controlTelescoping steering wheelTilt steering wheelSuspension/HandlingAlloy wheelsFront anti-roll barFront tires: 205/55TR16.0Front wheel independent suspensionPower steeringRear tires: 205/55TR16.0Speed-sensing steeringWheel size: 16""Entertainment Features1st row LCD monitors: 2AM/FM radio: SiriusXMPrimary LCD size: 7.0""Satellite radio trial duration with new vehicle purchase (months): 3Smart device integration: Apple CarPlay & Android AutoSpeakers: 6Steering wheel mounted audio controlsWireless phone connectivity: BluetoothSeats and TrimFront center armrestFront seats: bucketMax seating capacity: 5Rear seats: split-benchRear seats Folding position: fold forward seatbackSeat Upholstery: clothSplit folding rear seatPowertrainCompressor: Not AvailableCylinder configuration: I-4Drive type: front-wheelEngine liters: 2.0LEngine location: frontFuel economy city: 30mpgFuel economy combined: 34mpgFuel economy fuel type: gasolineFuel economy highway: 40mpgFuel tank capacity: 14.0gal.Horsepower: 147hp @ 6,200RPMHybrid traction battery type: noneMode select transmissionNumber of valves: 16Recommended fuel: Regular UnleadedSequential multi-point fuel injectionTorque: 132 lb.-ft. @ 4,500RPMTransmission: continuously variable automaticVariable intake manifoldVariable valve controlBody ExteriorBumpers: body-colorDoor mirrors: body-colorHeated door mirrorsPower door mirrorsRear cargo: trunkSpecs and DimensionsCompression ratio: 12.50 to 1Curb weight: 1,290kg (2,844lbs)Engine bore x stroke: 81.0mm x 97.0mm (3.19"" x 3.82"")Engine displacement: 2.0 LEngine horsepower: 147hp @ 6,200RPMEngine torque: 132 lb.-ft. @ 4,500RPMExterior body width: 1,801mm (70.9"")Exterior height: 1,435mm (56.5"")Exterior length: 4,620mm (181.9"")Front headroom: 1,024mm (40.3"")Front hiproom: 1,356mm (53.4"")Front legroom: 1,072mm (42.2"")Front shoulder room: 1,427mm (56.2"")GVWR: 1,780kg (3,924lbs)Interior cargo volume: 408 L (14 cu.ft.)Interior maximum cargo volume: 408 L (14 cu.ft.)Passenger volume: 2,713L (95.8 cu.ft.)Rear headroom: 947mm (37.3"")Rear hiproom: 1,318mm (51.9"")Rear legroom: 907mm (35.7"")Rear shoulder room: 1,405mm (55.3"")Turning radius: 5.3m (17.4')Wheelbase: 2,700mm (106.3"")Lighting, Visibility and InstrumentationAppearance: analogBlind spot: warningDelay-off headlightsExterior parking camera rearFront reading lightsFully automatic headlightsLane departure: Lane Keep Assist (LKA) activeLow tire pressure warningOutside temperature displayRear window defrosterTachometerTrip computerVariably intermittent wipersSafety and Security4 wheel disc brakesABS brakesBrake assistDual front impact airbagsDual front side impact airbagsElectronic stabilityForward collision: Forward Collision-Avoidance Assist (FCA) mitigationKnee airbagOccupant sensing airbagOverhead airbagPanic alarmRear collision: Rear Cross-Traffic Alert (RCTA) warningSecurity systemTraction control"
